record_type,ext_id,name,description,project_ext_id,summary_ext_id,predecessor_ext_id,successor_ext_id,task_ext_id,resource_ext_id,start_date,end_date,status,saved_date,duration,work,percent_complete,priority,is_critical,dep_type,lag,code,cost_per_hour,max_units,email,role,skills,unit,consumption_rate,fixed_cost,units,actual_work,cost,working_days,working_hours
HUMAN_RESOURCE,RH001,Engineer #1,,,,,,,,,,,,,,,,,,,RH001,83.94,1.0,user1@company.com,Developer,SQL;Redis;JavaScript;Django,,,,,,,,
HUMAN_RESOURCE,RH002,Engineer #2,,,,,,,,,,,,,,,,,,,RH002,30.25,1.0,user2@company.com,Architect,Linux;React,,,,,,,,
HUMAN_RESOURCE,RH003,Engineer #3,,,,,,,,,,,,,,,,,,,RH003,23.18,1.0,user3@company.com,Senior Developer,SQL;Kubernetes;Linux,,,,,,,,
HUMAN_RESOURCE,RH004,Engineer #4,,,,,,,,,,,,,,,,,,,RH004,22.65,1.0,user4@company.com,QA Engineer,SQL;TypeScript;Linux;AWS;Python,,,,,,,,
HUMAN_RESOURCE,RH005,Engineer #5,,,,,,,,,,,,,,,,,,,RH005,95.88,1.0,user5@company.com,Tech Lead,Docker;AWS;JavaScript;SQL;Redis,,,,,,,,
HUMAN_RESOURCE,RH006,Engineer #6,,,,,,,,,,,,,,,,,,,RH006,30.22,1.0,user6@company.com,Business Analyst,Docker;PostgreSQL,,,,,,,,
HUMAN_RESOURCE,RH007,Engineer #7,,,,,,,,,,,,,,,,,,,RH007,54.4,1.0,user7@company.com,DevOps Engineer,Django;TypeScript,,,,,,,,
HUMAN_RESOURCE,RH008,Engineer #8,,,,,,,,,,,,,,,,,,,RH008,73.62,1.0,user8@company.com,Business Analyst,Kubernetes;AWS,,,,,,,,
HUMAN_RESOURCE,RH009,Engineer #9,,,,,,,,,,,,,,,,,,,RH009,102.94,1.0,user9@company.com,Database Admin,Linux;SQL;Django;Java,,,,,,,,
HUMAN_RESOURCE,RH010,Engineer #10,,,,,,,,,,,,,,,,,,,RH010,24.58,1.0,user10@company.com,QA Engineer,Java;PostgreSQL;SQL;Redis,,,,,,,,
HUMAN_RESOURCE,RH011,Engineer #11,,,,,,,,,,,,,,,,,,,RH011,58.01,1.0,user11@company.com,UX Designer,JavaScript;Docker;PostgreSQL;SQL,,,,,,,,
HUMAN_RESOURCE,RH012,Engineer #12,,,,,,,,,,,,,,,,,,,RH012,87.02,1.0,user12@company.com,Senior Developer,Kubernetes;Django;SQL,,,,,,,,
HUMAN_RESOURCE,RH013,Engineer #13,,,,,,,,,,,,,,,,,,,RH013,36.34,1.0,user13@company.com,Business Analyst,Redis;Spring;Django;Kubernetes,,,,,,,,
HUMAN_RESOURCE,RH014,Engineer #14,,,,,,,,,,,,,,,,,,,RH014,41.96,1.0,user14@company.com,Product Manager,SQL;PostgreSQL,,,,,,,,
HUMAN_RESOURCE,RH015,Engineer #15,,,,,,,,,,,,,,,,,,,RH015,23.21,1.0,user15@company.com,Product Manager,AWS;Java;SQL;Linux;Docker,,,,,,,,
HUMAN_RESOURCE,RH016,Engineer #16,,,,,,,,,,,,,,,,,,,RH016,41.26,1.0,user16@company.com,UX Designer,Redis;Spring;TypeScript;JavaScript;AWS,,,,,,,,
HUMAN_RESOURCE,RH017,Engineer #17,,,,,,,,,,,,,,,,,,,RH017,33.96,1.0,user17@company.com,Architect,Django;Linux;React;PostgreSQL,,,,,,,,
HUMAN_RESOURCE,RH018,Engineer #18,,,,,,,,,,,,,,,,,,,RH018,59.94,1.0,user18@company.com,QA Engineer,Kubernetes;TypeScript;Java,,,,,,,,
HUMAN_RESOURCE,RH019,Engineer #19,,,,,,,,,,,,,,,,,,,RH019,95.58,1.0,user19@company.com,Senior Developer,Spring;JavaScript;FastAPI,,,,,,,,
HUMAN_RESOURCE,RH020,Engineer #20,,,,,,,,,,,,,,,,,,,RH020,88.05,1.0,user20@company.com,Database Admin,React;Redis,,,,,,,,
HUMAN_RESOURCE,RH021,Engineer #21,,,,,,,,,,,,,,,,,,,RH021,79.59,1.0,user21@company.com,UX Designer,Kubernetes;PostgreSQL;Python;Spring,,,,,,,,
HUMAN_RESOURCE,RH022,Engineer #22,,,,,,,,,,,,,,,,,,,RH022,92.07,1.0,user22@company.com,Architect,FastAPI;Spring;Docker;Java,,,,,,,,
HUMAN_RESOURCE,RH023,Engineer #23,,,,,,,,,,,,,,,,,,,RH023,49.35,1.0,user23@company.com,Tech Lead,Python;Django;PostgreSQL;AWS;Kubernetes,,,,,,,,
HUMAN_RESOURCE,RH024,Engineer #24,,,,,,,,,,,,,,,,,,,RH024,96.2,1.0,user24@company.com,Architect,PostgreSQL;Spring,,,,,,,,
HUMAN_RESOURCE,RH025,Engineer #25,,,,,,,,,,,,,,,,,,,RH025,49.84,1.0,user25@company.com,Architect,JavaScript;Docker;FastAPI,,,,,,,,
HUMAN_RESOURCE,RH026,Engineer #26,,,,,,,,,,,,,,,,,,,RH026,36.15,1.0,user26@company.com,Architect,Linux;Docker,,,,,,,,
HUMAN_RESOURCE,RH027,Engineer #27,,,,,,,,,,,,,,,,,,,RH027,68.86,1.0,user27@company.com,Senior Developer,Redis;PostgreSQL;FastAPI;AWS,,,,,,,,
HUMAN_RESOURCE,RH028,Engineer #28,,,,,,,,,,,,,,,,,,,RH028,43.95,1.0,user28@company.com,QA Engineer,Java;Django,,,,,,,,
HUMAN_RESOURCE,RH029,Engineer #29,,,,,,,,,,,,,,,,,,,RH029,68.6,1.0,user29@company.com,Senior Developer,JavaScript;Spring;TypeScript,,,,,,,,
HUMAN_RESOURCE,RH030,Engineer #30,,,,,,,,,,,,,,,,,,,RH030,114.68,1.0,user30@company.com,Tech Lead,Kubernetes;PostgreSQL;Linux;React,,,,,,,,
HUMAN_RESOURCE,RH031,Engineer #31,,,,,,,,,,,,,,,,,,,RH031,116.44,1.0,user31@company.com,Architect,Django;AWS;React,,,,,,,,
HUMAN_RESOURCE,RH032,Engineer #32,,,,,,,,,,,,,,,,,,,RH032,119.51,1.0,user32@company.com,Product Manager,Redis;Kubernetes;TypeScript;Java;SQL,,,,,,,,
HUMAN_RESOURCE,RH033,Engineer #33,,,,,,,,,,,,,,,,,,,RH033,42.47,1.0,user33@company.com,Product Manager,Linux;Kubernetes,,,,,,,,
HUMAN_RESOURCE,RH034,Engineer #34,,,,,,,,,,,,,,,,,,,RH034,43.01,1.0,user34@company.com,QA Engineer,Java;Django,,,,,,,,
HUMAN_RESOURCE,RH035,Engineer #35,,,,,,,,,,,,,,,,,,,RH035,83.11,1.0,user35@company.com,QA Engineer,Redis;Python,,,,,,,,
HUMAN_RESOURCE,RH036,Engineer #36,,,,,,,,,,,,,,,,,,,RH036,105.96,1.0,user36@company.com,Senior Developer,AWS;Spring;TypeScript,,,,,,,,
HUMAN_RESOURCE,RH037,Engineer #37,,,,,,,,,,,,,,,,,,,RH037,41.42,1.0,user37@company.com,Tech Lead,SQL;FastAPI;TypeScript;React;Redis,,,,,,,,
HUMAN_RESOURCE,RH038,Engineer #38,,,,,,,,,,,,,,,,,,,RH038,29.43,1.0,user38@company.com,Business Analyst,React;Redis;TypeScript;Django,,,,,,,,
HUMAN_RESOURCE,RH039,Engineer #39,,,,,,,,,,,,,,,,,,,RH039,25.42,1.0,user39@company.com,Senior Developer,React;Django,,,,,,,,
HUMAN_RESOURCE,RH040,Engineer #40,,,,,,,,,,,,,,,,,,,RH040,53.93,1.0,user40@company.com,Senior Developer,SQL;Redis;Kubernetes,,,,,,,,
MATERIAL_RESOURCE,RM001,Build Minutes #1,,,,,,,,,,,,,,,,,,,RM001,1.49,191.7,,,,GB-month,1.32,,,,,,
MATERIAL_RESOURCE,RM002,Cloud Compute Hours #2,,,,,,,,,,,,,,,,,,,RM002,4.49,862.7,,,,seat,0.58,,,,,,
MATERIAL_RESOURCE,RM003,Test Devices #3,,,,,,,,,,,,,,,,,,,RM003,9.99,837.7,,,,hours,4.64,,,,,,
MATERIAL_RESOURCE,RM004,Storage #4,,,,,,,,,,,,,,,,,,,RM004,1.75,490.8,,,,license,4.34,,,,,,
MATERIAL_RESOURCE,RM005,Cloud Compute Hours #5,,,,,,,,,,,,,,,,,,,RM005,1.73,12.1,,,,GB-month,1.4,,,,,,
MATERIAL_RESOURCE,RM006,Build Minutes #6,,,,,,,,,,,,,,,,,,,RM006,2.92,699.6,,,,seat,3.34,,,,,,
MATERIAL_RESOURCE,RM007,Build Minutes #7,,,,,,,,,,,,,,,,,,,RM007,1.63,303.7,,,,hours,2.94,,,,,,
MATERIAL_RESOURCE,RM008,Bandwidth #8,,,,,,,,,,,,,,,,,,,RM008,0.7,320.5,,,,hours,2.96,,,,,,
MATERIAL_RESOURCE,RM009,Bandwidth #9,,,,,,,,,,,,,,,,,,,RM009,9.2,535.8,,,,hours,4.81,,,,,,
MATERIAL_RESOURCE,RM010,Cloud Compute Hours #10,,,,,,,,,,,,,,,,,,,RM010,8.53,77.8,,,,hours,3.41,,,,,,
MATERIAL_RESOURCE,RM011,Storage #11,,,,,,,,,,,,,,,,,,,RM011,4.1,942.2,,,,seat,1.31,,,,,,
MATERIAL_RESOURCE,RM012,Bandwidth #12,,,,,,,,,,,,,,,,,,,RM012,0.49,91.2,,,,seat,2.87,,,,,,
MATERIAL_RESOURCE,RM013,License Pool #13,,,,,,,,,,,,,,,,,,,RM013,9.35,212.2,,,,server-month,1.27,,,,,,
MATERIAL_RESOURCE,RM014,Build Minutes #14,,,,,,,,,,,,,,,,,,,RM014,1.4,649.0,,,,GB-month,1.65,,,,,,
MATERIAL_RESOURCE,RM015,Cloud Compute Hours #15,,,,,,,,,,,,,,,,,,,RM015,0.19,624.9,,,,seat,4.98,,,,,,
COST_RESOURCE,RC001,Travel Budget #1,,,,,,,,,,,,,,,,,,,RC001,0,1.0,,,,,,27344.09,,,,,
COST_RESOURCE,RC002,Consulting Fee #2,,,,,,,,,,,,,,,,,,,RC002,0,1.0,,,,,,13994.82,,,,,
COST_RESOURCE,RC003,External Audit #3,,,,,,,,,,,,,,,,,,,RC003,0,1.0,,,,,,44162.34,,,,,
COST_RESOURCE,RC004,Software License #4,,,,,,,,,,,,,,,,,,,RC004,0,1.0,,,,,,19106.83,,,,,
COST_RESOURCE,RC005,Software License #5,,,,,,,,,,,,,,,,,,,RC005,0,1.0,,,,,,22471.04,,,,,
COST_RESOURCE,RC006,Consulting Fee #6,,,,,,,,,,,,,,,,,,,RC006,0,1.0,,,,,,35473.46,,,,,
COST_RESOURCE,RC007,Consulting Fee #7,,,,,,,,,,,,,,,,,,,RC007,0,1.0,,,,,,49208.81,,,,,
COST_RESOURCE,RC008,Consulting Fee #8,,,,,,,,,,,,,,,,,,,RC008,0,1.0,,,,,,1383.33,,,,,
COST_RESOURCE,RC009,Consulting Fee #9,,,,,,,,,,,,,,,,,,,RC009,0,1.0,,,,,,15669.56,,,,,
COST_RESOURCE,RC010,Travel Budget #10,,,,,,,,,,,,,,,,,,,RC010,0,1.0,,,,,,47007.57,,,,,
PROJECT,PR001,Data Warehouse v1,Description of Data Warehouse v1,,,,,,,2024-03-09,2024-09-20,NOT_STARTED,,,,,,,,,,,,,,,,,,,,,,
CALENDAR,CAL001,,,PR001,,,,,,,,,,,,,,,,,,,,,,,,,,,,,MON;TUE;WED;THU;FRI,09:00-18:00
BASELINE,BL001_1,,,PR001,,,,,,,,,2024-04-20,,,,,,,,,,,,,,,,,,,,,
BASELINE,BL001_2,,,PR001,,,,,,,,,2024-03-25,,,,,,,,,,,,,,,,,,,,,
BASELINE,BL001_3,,,PR001,,,,,,,,,2024-04-02,,,,,,,,,,,,,,,,,,,,,
SUMMARY_TASK,T001_S1,Phase 1,,PR001,,,,,,,,IN_PROGRESS,,0,,,500,,,,,,,,,,,,,,,,,
SUMMARY_TASK,T001_S2,Phase 2,,PR001,,,,,,,,IN_PROGRESS,,0,,,500,,,,,,,,,,,,,,,,,
TASK,T001_R1,Deploy notification system,,PR001,,,,,,2024-03-29,,ON_HOLD,,7,183,0.85,900,true,,,,,,,,,,,,,,,,
TASK,T001_R2,Implement deployment scripts,,PR001,T001_S1,,,,,2024-03-10,,COMPLETED,,27,78,0.0,300,true,,,,,,,,,,,,,,,,
TASK,T001_R3,Integrate API,,PR001,T001_S2,,,,,2024-04-08,,NOT_STARTED,,4,27,0.88,300,false,,,,,,,,,,,,,,,,
TASK,T001_R4,Refactor auth flow,,PR001,T001_S1,,,,,2024-03-20,,COMPLETED,,2,86,0.9,100,true,,,,,,,,,,,,,,,,
TASK,T001_R5,Implement analytics pipeline,,PR001,,,,,,2024-04-06,,IN_PROGRESS,,25,151,0.87,900,false,,,,,,,,,,,,,,,,
TASK,T001_R6,Test payment module,,PR001,,,,,,2024-03-09,,ON_HOLD,,29,113,0.18,500,false,,,,,,,,,,,,,,,,
TASK,T001_R7,Document payment module,,PR001,T001_S1,,,,,2024-03-12,,ON_HOLD,,26,187,0.38,100,true,,,,,,,,,,,,,,,,
TASK,T001_R8,Review reporting service,,PR001,T001_S2,,,,,2024-04-05,,IN_PROGRESS,,27,211,0.23,100,false,,,,,,,,,,,,,,,,
MILESTONE,T001_M1,GA Launch,,PR001,,,,,,,,,,0,,,500,true,,,,,,,,,,,,,,,,
MILESTONE,T001_M2,Design Approved,,PR001,,,,,,,,,,0,,,500,true,,,,,,,,,,,,,,,,
DEPENDENCY,D001_1,,,,,T001_R6,T001_M1,,,,,,,,,,,,SF,5,,,,,,,,,,,,,,
DEPENDENCY,D001_2,,,,,T001_M1,T001_R6,,,,,,,,,,,,FS,0,,,,,,,,,,,,,,
DEPENDENCY,D001_3,,,,,T001_R5,T001_R3,,,,,,,,,,,,FF,0,,,,,,,,,,,,,,
DEPENDENCY,D001_4,,,,,T001_R2,T001_R7,,,,,,,,,,,,FF,5,,,,,,,,,,,,,,
DEPENDENCY,D001_5,,,,,T001_R6,T001_R7,,,,,,,,,,,,FS,3,,,,,,,,,,,,,,
DEPENDENCY,D001_6,,,,,T001_M2,T001_R4,,,,,,,,,,,,FF,0,,,,,,,,,,,,,,
ASSIGNMENT,A001_1,,,,,,,T001_R7,RH001,,,,,,76,,,,,,,,,,,,,,,0.64,43,3625.21,,
ASSIGNMENT,A001_2,,,,,,,T001_R4,RM007,,,,,,50,,,,,,,,,,,,,,,0.57,39,1638.19,,
ASSIGNMENT,A001_3,,,,,,,T001_R2,RH039,,,,,,60,,,,,,,,,,,,,,,0.63,20,2071.76,,
ASSIGNMENT,A001_4,,,,,,,T001_R5,RH017,,,,,,56,,,,,,,,,,,,,,,0.39,43,3765.86,,
ASSIGNMENT,A001_5,,,,,,,T001_R3,RH039,,,,,,8,,,,,,,,,,,,,,,0.55,19,1505.88,,
ASSIGNMENT,A001_6,,,,,,,T001_R7,RM002,,,,,,64,,,,,,,,,,,,,,,0.6,43,1147.14,,
ASSIGNMENT,A001_7,,,,,,,T001_R8,RH022,,,,,,44,,,,,,,,,,,,,,,0.74,32,3352.88,,
ASSIGNMENT,A001_8,,,,,,,T001_M2,RM003,,,,,,38,,,,,,,,,,,,,,,0.32,43,1621.06,,
ASSIGNMENT,A001_9,,,,,,,T001_R4,RH019,,,,,,39,,,,,,,,,,,,,,,0.27,30,3095.24,,
ASSIGNMENT,A001_10,,,,,,,T001_R2,RC004,,,,,,32,,,,,,,,,,,,,,,0.56,45,3512.14,,
ASSIGNMENT,A001_11,,,,,,,T001_R8,RM012,,,,,,8,,,,,,,,,,,,,,,0.43,57,3779.73,,
ASSIGNMENT,A001_12,,,,,,,T001_R2,RM015,,,,,,74,,,,,,,,,,,,,,,0.41,29,346.07,,
ASSIGNMENT,A001_13,,,,,,,T001_R4,RH016,,,,,,67,,,,,,,,,,,,,,,0.59,42,2702.55,,
PROJECT,PR002,Analytics Dashboard v2,Description of Analytics Dashboard v2,,,,,,,2024-10-13,2025-10-12,ON_HOLD,,,,,,,,,,,,,,,,,,,,,,
CALENDAR,CAL002,,,PR002,,,,,,,,,,,,,,,,,,,,,,,,,,,,,MON;TUE;WED;THU;FRI,09:00-18:00
BASELINE,BL002_1,,,PR002,,,,,,,,,2024-12-11,,,,,,,,,,,,,,,,,,,,,
BASELINE,BL002_2,,,PR002,,,,,,,,,2024-12-05,,,,,,,,,,,,,,,,,,,,,
BASELINE,BL002_3,,,PR002,,,,,,,,,2024-11-21,,,,,,,,,,,,,,,,,,,,,
SUMMARY_TASK,T002_S1,Phase 1,,PR002,,,,,,,,IN_PROGRESS,,0,,,500,,,,,,,,,,,,,,,,,
SUMMARY_TASK,T002_S2,Phase 2,,PR002,,,,,,,,IN_PROGRESS,,0,,,500,,,,,,,,,,,,,,,,,
TASK,T002_R1,Prototype payment module,,PR002,T002_S2,,,,,2024-10-28,,COMPLETED,,24,228,0.45,300,false,,,,,,,,,,,,,,,,
TASK,T002_R2,Document monitoring,,PR002,T002_S1,,,,,2024-10-22,,COMPLETED,,3,190,0.23,500,false,,,,,,,,,,,,,,,,
TASK,T002_R3,Test search index,,PR002,,,,,,2024-10-17,,ON_HOLD,,13,185,0.71,100,false,,,,,,,,,,,,,,,,
TASK,T002_R4,Design user management,,PR002,T002_S2,,,,,2024-10-25,,NOT_STARTED,,27,115,0.9,900,false,,,,,,,,,,,,,,,,
TASK,T002_R5,Optimize API,,PR002,T002_S2,,,,,2024-11-06,,IN_PROGRESS,,12,84,0.39,700,false,,,,,,,,,,,,,,,,
TASK,T002_R6,Optimize API,,PR002,,,,,,2024-11-03,,IN_PROGRESS,,13,94,0.68,700,false,,,,,,,,,,,,,,,,
TASK,T002_R7,Prototype CI/CD pipeline,,PR002,T002_S1,,,,,2024-11-03,,IN_PROGRESS,,19,152,0.03,700,false,,,,,,,,,,,,,,,,
TASK,T002_R8,Document CI/CD pipeline,,PR002,,,,,,2024-10-27,,COMPLETED,,11,62,0.33,700,false,,,,,,,,,,,,,,,,
MILESTONE,T002_M1,Stakeholder Sign-off,,PR002,,,,,,,,,,0,,,500,true,,,,,,,,,,,,,,,,
MILESTONE,T002_M2,GA Launch,,PR002,,,,,,,,,,0,,,500,true,,,,,,,,,,,,,,,,
DEPENDENCY,D002_1,,,,,T002_R8,T002_R1,,,,,,,,,,,,FS,2,,,,,,,,,,,,,,
DEPENDENCY,D002_2,,,,,T002_R4,T002_R2,,,,,,,,,,,,FS,0,,,,,,,,,,,,,,
DEPENDENCY,D002_3,,,,,T002_R4,T002_M2,,,,,,,,,,,,FS,4,,,,,,,,,,,,,,
DEPENDENCY,D002_4,,,,,T002_R3,T002_R4,,,,,,,,,,,,SS,3,,,,,,,,,,,,,,
ASSIGNMENT,A002_1,,,,,,,T002_R2,RH028,,,,,,40,,,,,,,,,,,,,,,0.6,49,1907.59,,
ASSIGNMENT,A002_2,,,,,,,T002_M2,RH015,,,,,,28,,,,,,,,,,,,,,,0.83,19,629.68,,
ASSIGNMENT,A002_3,,,,,,,T002_R1,RH040,,,,,,56,,,,,,,,,,,,,,,0.68,25,4713.21,,
ASSIGNMENT,A002_4,,,,,,,T002_R4,RH010,,,,,,39,,,,,,,,,,,,,,,0.69,6,3516.25,,
ASSIGNMENT,A002_5,,,,,,,T002_R5,RH016,,,,,,80,,,,,,,,,,,,,,,0.85,50,301.24,,
ASSIGNMENT,A002_6,,,,,,,T002_M1,RM015,,,,,,16,,,,,,,,,,,,,,,0.75,32,3272.96,,
ASSIGNMENT,A002_7,,,,,,,T002_R1,RM014,,,,,,21,,,,,,,,,,,,,,,0.87,27,4807.86,,
ASSIGNMENT,A002_8,,,,,,,T002_R8,RH020,,,,,,74,,,,,,,,,,,,,,,0.58,41,1423.4,,
ASSIGNMENT,A002_9,,,,,,,T002_M1,RC007,,,,,,42,,,,,,,,,,,,,,,0.6,20,4273.39,,
ASSIGNMENT,A002_10,,,,,,,T002_R2,RH036,,,,,,39,,,,,,,,,,,,,,,0.91,48,2377.07,,
ASSIGNMENT,A002_11,,,,,,,T002_M2,RM009,,,,,,71,,,,,,,,,,,,,,,0.5,54,1692.57,,
ASSIGNMENT,A002_12,,,,,,,T002_R8,RH028,,,,,,41,,,,,,,,,,,,,,,0.52,21,1470.33,,
ASSIGNMENT,A002_13,,,,,,,T002_M2,RH036,,,,,,74,,,,,,,,,,,,,,,0.67,60,1036.18,,
PROJECT,PR003,Logistics Network v3,Description of Logistics Network v3,,,,,,,2024-05-03,2025-01-26,IN_PROGRESS,,,,,,,,,,,,,,,,,,,,,,
CALENDAR,CAL003,,,PR003,,,,,,,,,,,,,,,,,,,,,,,,,,,,,MON;TUE;WED;THU;FRI,09:00-18:00
BASELINE,BL003_1,,,PR003,,,,,,,,,2024-06-09,,,,,,,,,,,,,,,,,,,,,
BASELINE,BL003_2,,,PR003,,,,,,,,,2024-06-20,,,,,,,,,,,,,,,,,,,,,
BASELINE,BL003_3,,,PR003,,,,,,,,,2024-06-24,,,,,,,,,,,,,,,,,,,,,
SUMMARY_TASK,T003_S1,Phase 1,,PR003,,,,,,,,IN_PROGRESS,,0,,,500,,,,,,,,,,,,,,,,,
SUMMARY_TASK,T003_S2,Phase 2,,PR003,,,,,,,,IN_PROGRESS,,0,,,500,,,,,,,,,,,,,,,,,
TASK,T003_R1,Implement reporting service,,PR003,T003_S1,,,,,2024-05-25,,COMPLETED,,8,111,0.24,900,false,,,,,,,,,,,,,,,,
TASK,T003_R2,Validate notification system,,PR003,T003_S2,,,,,2024-05-17,,IN_PROGRESS,,12,187,0.27,500,true,,,,,,,,,,,,,,,,
TASK,T003_R3,Implement payment module,,PR003,,,,,,2024-05-26,,COMPLETED,,7,63,0.48,900,false,,,,,,,,,,,,,,,,
TASK,T003_R4,Deploy analytics pipeline,,PR003,T003_S2,,,,,2024-05-03,,COMPLETED,,6,85,0.71,300,true,,,,,,,,,,,,,,,,
TASK,T003_R5,Document auth flow,,PR003,,,,,,2024-05-27,,COMPLETED,,21,230,0.49,100,false,,,,,,,,,,,,,,,,
TASK,T003_R6,Design caching layer,,PR003,T003_S1,,,,,2024-05-06,,ON_HOLD,,28,130,0.82,700,true,,,,,,,,,,,,,,,,
TASK,T003_R7,Test auth flow,,PR003,T003_S1,,,,,2024-06-02,,NOT_STARTED,,26,152,0.3,300,false,,,,,,,,,,,,,,,,
TASK,T003_R8,Audit CI/CD pipeline,,PR003,T003_S1,,,,,2024-05-17,,ON_HOLD,,15,240,0.3,900,false,,,,,,,,,,,,,,,,
MILESTONE,T003_M1,Kickoff Complete,,PR003,,,,,,,,,,0,,,500,true,,,,,,,,,,,,,,,,
MILESTONE,T003_M2,Design Approved,,PR003,,,,,,,,,,0,,,500,true,,,,,,,,,,,,,,,,
DEPENDENCY,D003_1,,,,,T003_R4,T003_R5,,,,,,,,,,,,FS,1,,,,,,,,,,,,,,
DEPENDENCY,D003_2,,,,,T003_R4,T003_R3,,,,,,,,,,,,FS,1,,,,,,,,,,,,,,
DEPENDENCY,D003_3,,,,,T003_R1,T003_R7,,,,,,,,,,,,SF,5,,,,,,,,,,,,,,
DEPENDENCY,D003_4,,,,,T003_M2,T003_R8,,,,,,,,,,,,FF,0,,,,,,,,,,,,,,
DEPENDENCY,D003_5,,,,,T003_R4,T003_R5,,,,,,,,,,,,FF,5,,,,,,,,,,,,,,
ASSIGNMENT,A003_1,,,,,,,T003_R8,RH010,,,,,,41,,,,,,,,,,,,,,,0.77,50,3977.11,,
ASSIGNMENT,A003_2,,,,,,,T003_M2,RH026,,,,,,77,,,,,,,,,,,,,,,0.57,14,3273.41,,
ASSIGNMENT,A003_3,,,,,,,T003_R5,RH019,,,,,,29,,,,,,,,,,,,,,,0.3,50,1607.3,,
ASSIGNMENT,A003_4,,,,,,,T003_M2,RH037,,,,,,67,,,,,,,,,,,,,,,0.58,44,1590.05,,
ASSIGNMENT,A003_5,,,,,,,T003_R7,RH035,,,,,,71,,,,,,,,,,,,,,,0.63,28,494.17,,
ASSIGNMENT,A003_6,,,,,,,T003_R1,RC001,,,,,,40,,,,,,,,,,,,,,,0.8,1,547.5,,
ASSIGNMENT,A003_7,,,,,,,T003_M2,RH003,,,,,,42,,,,,,,,,,,,,,,1.0,36,297.14,,
ASSIGNMENT,A003_8,,,,,,,T003_R3,RC006,,,,,,64,,,,,,,,,,,,,,,0.64,58,1462.97,,
ASSIGNMENT,A003_9,,,,,,,T003_M2,RC001,,,,,,70,,,,,,,,,,,,,,,0.73,5,2403.05,,
ASSIGNMENT,A003_10,,,,,,,T003_R7,RM003,,,,,,21,,,,,,,,,,,,,,,0.49,54,888.04,,
ASSIGNMENT,A003_11,,,,,,,T003_R7,RC009,,,,,,59,,,,,,,,,,,,,,,0.47,52,3826.45,,
ASSIGNMENT,A003_12,,,,,,,T003_R1,RC004,,,,,,40,,,,,,,,,,,,,,,0.32,20,668.02,,
ASSIGNMENT,A003_13,,,,,,,T003_R7,RH001,,,,,,77,,,,,,,,,,,,,,,0.74,29,2124.91,,
ASSIGNMENT,A003_14,,,,,,,T003_R4,RM007,,,,,,71,,,,,,,,,,,,,,,0.72,40,2266.0,,
PROJECT,PR004,Marketing Site Redesign v4,Description of Marketing Site Redesign v4,,,,,,,2024-01-27,2024-07-09,IN_PROGRESS,,,,,,,,,,,,,,,,,,,,,,
CALENDAR,CAL004,,,PR004,,,,,,,,,,,,,,,,,,,,,,,,,,,,,MON;TUE;WED;THU;FRI,09:00-18:00
BASELINE,BL004_1,,,PR004,,,,,,,,,2024-03-02,,,,,,,,,,,,,,,,,,,,,
BASELINE,BL004_2,,,PR004,,,,,,,,,2024-03-18,,,,,,,,,,,,,,,,,,,,,
SUMMARY_TASK,T004_S1,Phase 1,,PR004,,,,,,,,IN_PROGRESS,,0,,,500,,,,,,,,,,,,,,,,,
SUMMARY_TASK,T004_S2,Phase 2,,PR004,,,,,,,,IN_PROGRESS,,0,,,500,,,,,,,,,,,,,,,,,
TASK,T004_R1,Configure search index,,PR004,T004_S1,,,,,2024-02-05,,ON_HOLD,,23,48,0.55,900,true,,,,,,,,,,,,,,,,
TASK,T004_R2,Optimize database schema,,PR004,T004_S1,,,,,2024-01-31,,COMPLETED,,21,221,0.5,500,false,,,,,,,,,,,,,,,,
TASK,T004_R3,Deploy monitoring,,PR004,T004_S2,,,,,2024-02-08,,IN_PROGRESS,,18,45,0.19,900,false,,,,,,,,,,,,,,,,
TASK,T004_R4,Audit deployment scripts,,PR004,,,,,,2024-02-12,,COMPLETED,,11,209,0.27,100,false,,,,,,,,,,,,,,,,
TASK,T004_R5,Architect auth flow,,PR004,T004_S2,,,,,2024-02-11,,ON_HOLD,,15,145,0.35,900,false,,,,,,,,,,,,,,,,
TASK,T004_R6,Validate search index,,PR004,T004_S1,,,,,2024-02-03,,NOT_STARTED,,19,106,0.86,700,false,,,,,,,,,,,,,,,,
TASK,T004_R7,Refactor auth flow,,PR004,T004_S2,,,,,2024-01-31,,COMPLETED,,16,17,0.5,900,false,,,,,,,,,,,,,,,,
TASK,T004_R8,Implement monitoring,,PR004,T004_S2,,,,,2024-01-31,,NOT_STARTED,,1,192,0.41,300,false,,,,,,,,,,,,,,,,
MILESTONE,T004_M1,GA Launch,,PR004,,,,,,,,,,0,,,500,true,,,,,,,,,,,,,,,,
MILESTONE,T004_M2,Phase 1 Closed,,PR004,,,,,,,,,,0,,,500,true,,,,,,,,,,,,,,,,
DEPENDENCY,D004_1,,,,,T004_R7,T004_R2,,,,,,,,,,,,FF,5,,,,,,,,,,,,,,
DEPENDENCY,D004_2,,,,,T004_M1,T004_R7,,,,,,,,,,,,FF,5,,,,,,,,,,,,,,
DEPENDENCY,D004_3,,,,,T004_R8,T004_M1,,,,,,,,,,,,FS,4,,,,,,,,,,,,,,
DEPENDENCY,D004_4,,,,,T004_R2,T004_R4,,,,,,,,,,,,FF,1,,,,,,,,,,,,,,
DEPENDENCY,D004_5,,,,,T004_R2,T004_R7,,,,,,,,,,,,FS,5,,,,,,,,,,,,,,
DEPENDENCY,D004_6,,,,,T004_R2,T004_R8,,,,,,,,,,,,SS,5,,,,,,,,,,,,,,
DEPENDENCY,D004_7,,,,,T004_R5,T004_R1,,,,,,,,,,,,FS,2,,,,,,,,,,,,,,
DEPENDENCY,D004_8,,,,,T004_R1,T004_R5,,,,,,,,,,,,FF,2,,,,,,,,,,,,,,
ASSIGNMENT,A004_1,,,,,,,T004_R3,RH032,,,,,,80,,,,,,,,,,,,,,,0.65,43,3983.35,,
ASSIGNMENT,A004_2,,,,,,,T004_R3,RH023,,,,,,56,,,,,,,,,,,,,,,0.31,39,3447.36,,
ASSIGNMENT,A004_3,,,,,,,T004_R8,RH019,,,,,,40,,,,,,,,,,,,,,,0.42,29,1351.1,,
ASSIGNMENT,A004_4,,,,,,,T004_R1,RC005,,,,,,77,,,,,,,,,,,,,,,0.93,10,461.92,,
ASSIGNMENT,A004_5,,,,,,,T004_R6,RH039,,,,,,62,,,,,,,,,,,,,,,0.73,44,1325.48,,
ASSIGNMENT,A004_6,,,,,,,T004_R5,RH026,,,,,,69,,,,,,,,,,,,,,,1.0,6,1262.31,,
ASSIGNMENT,A004_7,,,,,,,T004_M2,RM006,,,,,,45,,,,,,,,,,,,,,,0.68,1,4891.93,,
ASSIGNMENT,A004_8,,,,,,,T004_R7,RH036,,,,,,14,,,,,,,,,,,,,,,0.26,58,3071.39,,
ASSIGNMENT,A004_9,,,,,,,T004_R8,RH037,,,,,,37,,,,,,,,,,,,,,,0.83,38,4029.47,,
ASSIGNMENT,A004_10,,,,,,,T004_R4,RH025,,,,,,25,,,,,,,,,,,,,,,0.72,40,576.1,,
ASSIGNMENT,A004_11,,,,,,,T004_R1,RH040,,,,,,12,,,,,,,,,,,,,,,0.84,37,1887.82,,
PROJECT,PR005,Risk Engine v5,Description of Risk Engine v5,,,,,,,2024-03-08,2024-06-22,COMPLETED,,,,,,,,,,,,,,,,,,,,,,
CALENDAR,CAL005,,,PR005,,,,,,,,,,,,,,,,,,,,,,,,,,,,,MON;TUE;WED;THU;FRI,09:00-18:00
BASELINE,BL005_1,,,PR005,,,,,,,,,2024-05-01,,,,,,,,,,,,,,,,,,,,,
BASELINE,BL005_2,,,PR005,,,,,,,,,2024-04-10,,,,,,,,,,,,,,,,,,,,,
SUMMARY_TASK,T005_S1,Phase 1,,PR005,,,,,,,,IN_PROGRESS,,0,,,500,,,,,,,,,,,,,,,,,
SUMMARY_TASK,T005_S2,Phase 2,,PR005,,,,,,,,IN_PROGRESS,,0,,,500,,,,,,,,,,,,,,,,,
TASK,T005_R1,Test analytics pipeline,,PR005,,,,,,2024-04-06,,COMPLETED,,17,136,0.27,300,false,,,,,,,,,,,,,,,,
TASK,T005_R2,Validate notification system,,PR005,T005_S2,,,,,2024-03-22,,IN_PROGRESS,,26,37,0.96,300,false,,,,,,,,,,,,,,,,
TASK,T005_R3,Architect analytics pipeline,,PR005,T005_S2,,,,,2024-03-20,,NOT_STARTED,,3,210,0.01,900,false,,,,,,,,,,,,,,,,
TASK,T005_R4,Migrate CI/CD pipeline,,PR005,T005_S2,,,,,2024-04-07,,ON_HOLD,,27,171,0.37,300,true,,,,,,,,,,,,,,,,
TASK,T005_R5,Prototype search index,,PR005,T005_S2,,,,,2024-03-28,,ON_HOLD,,21,24,0.82,500,true,,,,,,,,,,,,,,,,
TASK,T005_R6,Design reporting service,,PR005,,,,,,2024-03-11,,IN_PROGRESS,,16,37,0.23,900,false,,,,,,,,,,,,,,,,
TASK,T005_R7,Migrate auth flow,,PR005,T005_S2,,,,,2024-03-28,,ON_HOLD,,29,114,0.1,700,false,,,,,,,,,,,,,,,,
TASK,T005_R8,Validate analytics pipeline,,PR005,,,,,,2024-03-22,,NOT_STARTED,,7,121,0.95,500,false,,,,,,,,,,,,,,,,
MILESTONE,T005_M1,Phase 1 Closed,,PR005,,,,,,,,,,0,,,500,true,,,,,,,,,,,,,,,,
MILESTONE,T005_M2,Phase 1 Closed,,PR005,,,,,,,,,,0,,,500,true,,,,,,,,,,,,,,,,
DEPENDENCY,D005_1,,,,,T005_R7,T005_R5,,,,,,,,,,,,SS,0,,,,,,,,,,,,,,
DEPENDENCY,D005_2,,,,,T005_R8,T005_R2,,,,,,,,,,,,SS,5,,,,,,,,,,,,,,
DEPENDENCY,D005_3,,,,,T005_M2,T005_R1,,,,,,,,,,,,FS,2,,,,,,,,,,,,,,
DEPENDENCY,D005_4,,,,,T005_R4,T005_R3,,,,,,,,,,,,SS,0,,,,,,,,,,,,,,
ASSIGNMENT,A005_1,,,,,,,T005_M1,RH027,,,,,,37,,,,,,,,,,,,,,,0.69,21,3894.41,,
ASSIGNMENT,A005_2,,,,,,,T005_M2,RH001,,,,,,26,,,,,,,,,,,,,,,0.46,8,2747.06,,
ASSIGNMENT,A005_3,,,,,,,T005_R3,RH015,,,,,,11,,,,,,,,,,,,,,,0.75,8,172.82,,
ASSIGNMENT,A005_4,,,,,,,T005_R4,RM002,,,,,,41,,,,,,,,,,,,,,,0.26,3,721.12,,
ASSIGNMENT,A005_5,,,,,,,T005_R7,RH015,,,,,,68,,,,,,,,,,,,,,,0.81,28,3912.28,,
ASSIGNMENT,A005_6,,,,,,,T005_M1,RH014,,,,,,36,,,,,,,,,,,,,,,0.59,60,3114.02,,
ASSIGNMENT,A005_7,,,,,,,T005_M1,RH039,,,,,,11,,,,,,,,,,,,,,,0.59,3,4993.08,,
ASSIGNMENT,A005_8,,,,,,,T005_R7,RM015,,,,,,70,,,,,,,,,,,,,,,0.76,45,4557.53,,
ASSIGNMENT,A005_9,,,,,,,T005_R2,RH011,,,,,,26,,,,,,,,,,,,,,,0.49,4,718.34,,
ASSIGNMENT,A005_10,,,,,,,T005_M2,RM002,,,,,,75,,,,,,,,,,,,,,,0.54,18,2323.21,,
ASSIGNMENT,A005_11,,,,,,,T005_M2,RC001,,,,,,22,,,,,,,,,,,,,,,0.32,54,3308.09,,
ASSIGNMENT,A005_12,,,,,,,T005_M1,RH028,,,,,,37,,,,,,,,,,,,,,,0.57,26,1760.76,,
ASSIGNMENT,A005_13,,,,,,,T005_R8,RM012,,,,,,20,,,,,,,,,,,,,,,0.56,20,2191.14,,
ASSIGNMENT,A005_14,,,,,,,T005_R5,RM008,,,,,,68,,,,,,,,,,,,,,,0.97,4,547.0,,
PROJECT,PR006,Online Learning System v6,Description of Online Learning System v6,,,,,,,2024-02-13,2024-05-30,NOT_STARTED,,,,,,,,,,,,,,,,,,,,,,
CALENDAR,CAL006,,,PR006,,,,,,,,,,,,,,,,,,,,,,,,,,,,,MON;TUE;WED;THU;FRI,09:00-18:00
BASELINE,BL006_1,,,PR006,,,,,,,,,2024-04-07,,,,,,,,,,,,,,,,,,,,,
BASELINE,BL006_2,,,PR006,,,,,,,,,2024-03-14,,,,,,,,,,,,,,,,,,,,,
BASELINE,BL006_3,,,PR006,,,,,,,,,2024-04-11,,,,,,,,,,,,,,,,,,,,,
SUMMARY_TASK,T006_S1,Phase 1,,PR006,,,,,,,,IN_PROGRESS,,0,,,500,,,,,,,,,,,,,,,,,
SUMMARY_TASK,T006_S2,Phase 2,,PR006,,,,,,,,IN_PROGRESS,,0,,,500,,,,,,,,,,,,,,,,,
TASK,T006_R1,Design notification system,,PR006,,,,,,2024-02-26,,NOT_STARTED,,22,39,0.35,700,false,,,,,,,,,,,,,,,,
TASK,T006_R2,Implement user management,,PR006,T006_S2,,,,,2024-02-28,,COMPLETED,,5,176,0.22,100,false,,,,,,,,,,,,,,,,
TASK,T006_R3,Migrate search index,,PR006,T006_S2,,,,,2024-03-11,,NOT_STARTED,,26,117,0.56,900,false,,,,,,,,,,,,,,,,
TASK,T006_R4,Design payment module,,PR006,T006_S2,,,,,2024-03-08,,COMPLETED,,9,187,0.31,500,true,,,,,,,,,,,,,,,,
TASK,T006_R5,Implement auth flow,,PR006,T006_S2,,,,,2024-02-13,,IN_PROGRESS,,24,170,0.09,900,false,,,,,,,,,,,,,,,,
TASK,T006_R6,Review reporting service,,PR006,T006_S1,,,,,2024-03-08,,NOT_STARTED,,24,91,0.94,900,false,,,,,,,,,,,,,,,,
TASK,T006_R7,Audit frontend,,PR006,,,,,,2024-02-21,,ON_HOLD,,22,28,0.44,700,false,,,,,,,,,,,,,,,,
TASK,T006_R8,Audit database schema,,PR006,T006_S1,,,,,2024-02-16,,ON_HOLD,,12,118,0.28,900,false,,,,,,,,,,,,,,,,
MILESTONE,T006_M1,GA Launch,,PR006,,,,,,,,,,0,,,500,true,,,,,,,,,,,,,,,,
MILESTONE,T006_M2,Kickoff Complete,,PR006,,,,,,,,,,0,,,500,true,,,,,,,,,,,,,,,,
DEPENDENCY,D006_1,,,,,T006_R7,T006_R1,,,,,,,,,,,,FS,1,,,,,,,,,,,,,,
DEPENDENCY,D006_2,,,,,T006_R5,T006_R4,,,,,,,,,,,,SS,2,,,,,,,,,,,,,,
DEPENDENCY,D006_3,,,,,T006_R5,T006_R6,,,,,,,,,,,,FS,0,,,,,,,,,,,,,,
DEPENDENCY,D006_4,,,,,T006_R8,T006_R7,,,,,,,,,,,,SS,1,,,,,,,,,,,,,,
DEPENDENCY,D006_5,,,,,T006_R7,T006_M1,,,,,,,,,,,,SS,4,,,,,,,,,,,,,,
ASSIGNMENT,A006_1,,,,,,,T006_R6,RH010,,,,,,13,,,,,,,,,,,,,,,0.55,27,191.83,,
ASSIGNMENT,A006_2,,,,,,,T006_R2,RM001,,,,,,59,,,,,,,,,,,,,,,0.68,45,3236.69,,
ASSIGNMENT,A006_3,,,,,,,T006_R5,RH015,,,,,,49,,,,,,,,,,,,,,,0.55,10,4026.48,,
ASSIGNMENT,A006_4,,,,,,,T006_M2,RC004,,,,,,54,,,,,,,,,,,,,,,0.87,5,2239.89,,
ASSIGNMENT,A006_5,,,,,,,T006_R2,RH032,,,,,,59,,,,,,,,,,,,,,,0.58,33,485.37,,
ASSIGNMENT,A006_6,,,,,,,T006_R5,RM004,,,,,,29,,,,,,,,,,,,,,,0.42,4,2601.37,,
ASSIGNMENT,A006_7,,,,,,,T006_R2,RH025,,,,,,52,,,,,,,,,,,,,,,0.93,22,3664.16,,
ASSIGNMENT,A006_8,,,,,,,T006_R3,RH031,,,,,,40,,,,,,,,,,,,,,,0.33,12,950.15,,
ASSIGNMENT,A006_9,,,,,,,T006_R3,RH010,,,,,,71,,,,,,,,,,,,,,,0.38,29,3796.78,,
ASSIGNMENT,A006_10,,,,,,,T006_M2,RC003,,,,,,80,,,,,,,,,,,,,,,0.76,41,3212.96,,
ASSIGNMENT,A006_11,,,,,,,T006_M2,RM002,,,,,,48,,,,,,,,,,,,,,,0.9,9,2254.84,,
ASSIGNMENT,A006_12,,,,,,,T006_R8,RC002,,,,,,43,,,,,,,,,,,,,,,0.72,37,375.24,,
PROJECT,PR007,Payment Gateway v7,Description of Payment Gateway v7,,,,,,,2024-09-16,2024-12-22,ON_HOLD,,,,,,,,,,,,,,,,,,,,,,
CALENDAR,CAL007,,,PR007,,,,,,,,,,,,,,,,,,,,,,,,,,,,,MON;TUE;WED;THU;FRI,09:00-18:00
BASELINE,BL007_1,,,PR007,,,,,,,,,2024-09-25,,,,,,,,,,,,,,,,,,,,,
BASELINE,BL007_2,,,PR007,,,,,,,,,2024-09-26,,,,,,,,,,,,,,,,,,,,,
SUMMARY_TASK,T007_S1,Phase 1,,PR007,,,,,,,,IN_PROGRESS,,0,,,500,,,,,,,,,,,,,,,,,
SUMMARY_TASK,T007_S2,Phase 2,,PR007,,,,,,,,IN_PROGRESS,,0,,,500,,,,,,,,,,,,,,,,,
TASK,T007_R1,Implement backend,,PR007,T007_S2,,,,,2024-10-02,,NOT_STARTED,,20,160,0.38,900,false,,,,,,,,,,,,,,,,
TASK,T007_R2,Review data export,,PR007,T007_S1,,,,,2024-10-16,,COMPLETED,,17,46,0.06,100,false,,,,,,,,,,,,,,,,
TASK,T007_R3,Configure payment module,,PR007,,,,,,2024-10-08,,IN_PROGRESS,,2,71,0.44,700,false,,,,,,,,,,,,,,,,
TASK,T007_R4,Refactor notification system,,PR007,T007_S2,,,,,2024-09-17,,NOT_STARTED,,22,161,0.79,500,false,,,,,,,,,,,,,,,,
TASK,T007_R5,Document caching layer,,PR007,T007_S2,,,,,2024-10-07,,IN_PROGRESS,,24,226,0.96,900,false,,,,,,,,,,,,,,,,
TASK,T007_R6,Prototype analytics pipeline,,PR007,T007_S1,,,,,2024-10-08,,NOT_STARTED,,10,175,0.66,300,false,,,,,,,,,,,,,,,,
TASK,T007_R7,Architect auth flow,,PR007,T007_S2,,,,,2024-10-12,,NOT_STARTED,,22,187,0.95,900,false,,,,,,,,,,,,,,,,
TASK,T007_R8,Design analytics pipeline,,PR007,T007_S2,,,,,2024-10-16,,IN_PROGRESS,,10,54,0.21,700,true,,,,,,,,,,,,,,,,
MILESTONE,T007_M1,MVP Ready,,PR007,,,,,,,,,,0,,,500,true,,,,,,,,,,,,,,,,
MILESTONE,T007_M2,MVP Ready,,PR007,,,,,,,,,,0,,,500,true,,,,,,,,,,,,,,,,
DEPENDENCY,D007_1,,,,,T007_R5,T007_R2,,,,,,,,,,,,FS,5,,,,,,,,,,,,,,
DEPENDENCY,D007_2,,,,,T007_R6,T007_R3,,,,,,,,,,,,SF,1,,,,,,,,,,,,,,
DEPENDENCY,D007_3,,,,,T007_R3,T007_M2,,,,,,,,,,,,SS,5,,,,,,,,,,,,,,
DEPENDENCY,D007_4,,,,,T007_R8,T007_R1,,,,,,,,,,,,SF,2,,,,,,,,,,,,,,
ASSIGNMENT,A007_1,,,,,,,T007_R4,RC002,,,,,,65,,,,,,,,,,,,,,,0.71,14,2716.65,,
ASSIGNMENT,A007_2,,,,,,,T007_R5,RC006,,,,,,32,,,,,,,,,,,,,,,0.93,23,3423.7,,
ASSIGNMENT,A007_3,,,,,,,T007_M2,RC002,,,,,,44,,,,,,,,,,,,,,,0.6,49,1971.17,,
ASSIGNMENT,A007_4,,,,,,,T007_M1,RM014,,,,,,33,,,,,,,,,,,,,,,0.97,51,3062.85,,
ASSIGNMENT,A007_5,,,,,,,T007_R5,RH007,,,,,,55,,,,,,,,,,,,,,,0.73,35,4678.04,,
ASSIGNMENT,A007_6,,,,,,,T007_M1,RH016,,,,,,28,,,,,,,,,,,,,,,0.46,17,2301.66,,
ASSIGNMENT,A007_7,,,,,,,T007_M1,RH019,,,,,,19,,,,,,,,,,,,,,,0.87,60,4561.47,,
ASSIGNMENT,A007_8,,,,,,,T007_R8,RM005,,,,,,61,,,,,,,,,,,,,,,0.95,3,2042.62,,
ASSIGNMENT,A007_9,,,,,,,T007_R6,RH031,,,,,,18,,,,,,,,,,,,,,,0.54,23,1200.24,,
ASSIGNMENT,A007_10,,,,,,,T007_R6,RH013,,,,,,50,,,,,,,,,,,,,,,0.88,50,815.64,,
ASSIGNMENT,A007_11,,,,,,,T007_R1,RH037,,,,,,68,,,,,,,,,,,,,,,0.94,44,4172.44,,
ASSIGNMENT,A007_12,,,,,,,T007_R8,RC003,,,,,,18,,,,,,,,,,,,,,,0.71,1,1354.03,,
ASSIGNMENT,A007_13,,,,,,,T007_R3,RM015,,,,,,44,,,,,,,,,,,,,,,0.33,15,1575.64,,
PROJECT,PR008,Online Learning System v8,Description of Online Learning System v8,,,,,,,2024-01-25,2024-07-25,ON_HOLD,,,,,,,,,,,,,,,,,,,,,,
CALENDAR,CAL008,,,PR008,,,,,,,,,,,,,,,,,,,,,,,,,,,,,MON;TUE;WED;THU;FRI,09:00-18:00
BASELINE,BL008_1,,,PR008,,,,,,,,,2024-02-08,,,,,,,,,,,,,,,,,,,,,
SUMMARY_TASK,T008_S1,Phase 1,,PR008,,,,,,,,IN_PROGRESS,,0,,,500,,,,,,,,,,,,,,,,,
SUMMARY_TASK,T008_S2,Phase 2,,PR008,,,,,,,,IN_PROGRESS,,0,,,500,,,,,,,,,,,,,,,,,
TASK,T008_R1,Migrate API,,PR008,T008_S2,,,,,2024-02-12,,COMPLETED,,21,139,0.24,300,false,,,,,,,,,,,,,,,,
TASK,T008_R2,Migrate deployment scripts,,PR008,T008_S1,,,,,2024-02-15,,NOT_STARTED,,6,178,0.09,500,false,,,,,,,,,,,,,,,,
TASK,T008_R3,Refactor data export,,PR008,T008_S1,,,,,2024-02-06,,NOT_STARTED,,2,170,0.98,500,false,,,,,,,,,,,,,,,,
TASK,T008_R4,Deploy database schema,,PR008,,,,,,2024-02-17,,NOT_STARTED,,25,156,0.76,300,false,,,,,,,,,,,,,,,,
TASK,T008_R5,Architect monitoring,,PR008,T008_S1,,,,,2024-02-14,,NOT_STARTED,,23,130,0.18,300,false,,,,,,,,,,,,,,,,
TASK,T008_R6,Document user management,,PR008,T008_S1,,,,,2024-01-31,,COMPLETED,,2,210,0.89,500,false,,,,,,,,,,,,,,,,
TASK,T008_R7,Document frontend,,PR008,T008_S2,,,,,2024-01-31,,COMPLETED,,25,173,0.29,100,true,,,,,,,,,,,,,,,,
TASK,T008_R8,Prototype CI/CD pipeline,,PR008,T008_S2,,,,,2024-02-22,,IN_PROGRESS,,24,120,0.96,500,false,,,,,,,,,,,,,,,,
MILESTONE,T008_M1,Compliance Review Passed,,PR008,,,,,,,,,,0,,,500,true,,,,,,,,,,,,,,,,
MILESTONE,T008_M2,Phase 1 Closed,,PR008,,,,,,,,,,0,,,500,true,,,,,,,,,,,,,,,,
DEPENDENCY,D008_1,,,,,T008_R5,T008_R2,,,,,,,,,,,,SF,0,,,,,,,,,,,,,,
DEPENDENCY,D008_2,,,,,T008_R7,T008_R3,,,,,,,,,,,,FF,2,,,,,,,,,,,,,,
DEPENDENCY,D008_3,,,,,T008_R2,T008_M2,,,,,,,,,,,,FF,5,,,,,,,,,,,,,,
DEPENDENCY,D008_4,,,,,T008_R5,T008_M2,,,,,,,,,,,,SF,4,,,,,,,,,,,,,,
DEPENDENCY,D008_5,,,,,T008_R7,T008_R3,,,,,,,,,,,,SF,2,,,,,,,,,,,,,,
DEPENDENCY,D008_6,,,,,T008_R8,T008_R1,,,,,,,,,,,,FF,4,,,,,,,,,,,,,,
DEPENDENCY,D008_7,,,,,T008_R7,T008_R5,,,,,,,,,,,,FS,0,,,,,,,,,,,,,,
DEPENDENCY,D008_8,,,,,T008_R7,T008_R6,,,,,,,,,,,,SS,0,,,,,,,,,,,,,,
ASSIGNMENT,A008_1,,,,,,,T008_M2,RC002,,,,,,16,,,,,,,,,,,,,,,0.28,15,3914.73,,
ASSIGNMENT,A008_2,,,,,,,T008_R6,RM007,,,,,,80,,,,,,,,,,,,,,,0.54,2,3064.96,,
ASSIGNMENT,A008_3,,,,,,,T008_R8,RM008,,,,,,17,,,,,,,,,,,,,,,0.53,36,774.71,,
ASSIGNMENT,A008_4,,,,,,,T008_R6,RM011,,,,,,43,,,,,,,,,,,,,,,0.49,15,4806.55,,
ASSIGNMENT,A008_5,,,,,,,T008_R1,RH024,,,,,,57,,,,,,,,,,,,,,,0.62,58,2852.2,,
ASSIGNMENT,A008_6,,,,,,,T008_R5,RH034,,,,,,35,,,,,,,,,,,,,,,0.78,39,1499.33,,
ASSIGNMENT,A008_7,,,,,,,T008_R8,RH026,,,,,,17,,,,,,,,,,,,,,,0.34,28,946.02,,
ASSIGNMENT,A008_8,,,,,,,T008_R8,RH012,,,,,,48,,,,,,,,,,,,,,,0.86,42,1802.38,,
ASSIGNMENT,A008_9,,,,,,,T008_R2,RH038,,,,,,28,,,,,,,,,,,,,,,0.92,45,3576.86,,
PROJECT,PR009,Inventory System v9,Description of Inventory System v9,,,,,,,2024-12-24,2026-01-14,COMPLETED,,,,,,,,,,,,,,,,,,,,,,
CALENDAR,CAL009,,,PR009,,,,,,,,,,,,,,,,,,,,,,,,,,,,,MON;TUE;WED;THU;FRI,09:00-18:00
BASELINE,BL009_1,,,PR009,,,,,,,,,2025-01-14,,,,,,,,,,,,,,,,,,,,,
BASELINE,BL009_2,,,PR009,,,,,,,,,2025-01-07,,,,,,,,,,,,,,,,,,,,,
BASELINE,BL009_3,,,PR009,,,,,,,,,2025-01-12,,,,,,,,,,,,,,,,,,,,,
SUMMARY_TASK,T009_S1,Phase 1,,PR009,,,,,,,,IN_PROGRESS,,0,,,500,,,,,,,,,,,,,,,,,
SUMMARY_TASK,T009_S2,Phase 2,,PR009,,,,,,,,IN_PROGRESS,,0,,,500,,,,,,,,,,,,,,,,,
TASK,T009_R1,Audit data export,,PR009,T009_S1,,,,,2025-01-10,,IN_PROGRESS,,1,100,0.57,700,false,,,,,,,,,,,,,,,,
TASK,T009_R2,Document CI/CD pipeline,,PR009,,,,,,2025-01-08,,NOT_STARTED,,23,192,0.53,700,true,,,,,,,,,,,,,,,,
TASK,T009_R3,Optimize monitoring,,PR009,T009_S1,,,,,2025-01-04,,IN_PROGRESS,,22,140,0.13,900,false,,,,,,,,,,,,,,,,
TASK,T009_R4,Integrate frontend,,PR009,,,,,,2025-01-09,,IN_PROGRESS,,27,39,0.15,300,false,,,,,,,,,,,,,,,,
TASK,T009_R5,Integrate reporting service,,PR009,T009_S2,,,,,2025-01-01,,COMPLETED,,28,28,0.2,900,true,,,,,,,,,,,,,,,,
TASK,T009_R6,Integrate payment module,,PR009,T009_S1,,,,,2024-12-28,,COMPLETED,,19,156,0.17,900,false,,,,,,,,,,,,,,,,
TASK,T009_R7,Implement frontend,,PR009,T009_S1,,,,,2025-01-11,,ON_HOLD,,21,205,0.26,300,false,,,,,,,,,,,,,,,,
TASK,T009_R8,Prototype reporting service,,PR009,,,,,,2025-01-08,,COMPLETED,,21,85,0.24,700,false,,,,,,,,,,,,,,,,
MILESTONE,T009_M1,Kickoff Complete,,PR009,,,,,,,,,,0,,,500,true,,,,,,,,,,,,,,,,
MILESTONE,T009_M2,MVP Ready,,PR009,,,,,,,,,,0,,,500,true,,,,,,,,,,,,,,,,
DEPENDENCY,D009_1,,,,,T009_R7,T009_R8,,,,,,,,,,,,SF,1,,,,,,,,,,,,,,
DEPENDENCY,D009_2,,,,,T009_R6,T009_R3,,,,,,,,,,,,FF,5,,,,,,,,,,,,,,
DEPENDENCY,D009_3,,,,,T009_R6,T009_M2,,,,,,,,,,,,SF,1,,,,,,,,,,,,,,
DEPENDENCY,D009_4,,,,,T009_R6,T009_M1,,,,,,,,,,,,FS,2,,,,,,,,,,,,,,
DEPENDENCY,D009_5,,,,,T009_R4,T009_R8,,,,,,,,,,,,FS,2,,,,,,,,,,,,,,
DEPENDENCY,D009_6,,,,,T009_R8,T009_R4,,,,,,,,,,,,SS,0,,,,,,,,,,,,,,
DEPENDENCY,D009_7,,,,,T009_R1,T009_R5,,,,,,,,,,,,SF,4,,,,,,,,,,,,,,
ASSIGNMENT,A009_1,,,,,,,T009_R4,RH021,,,,,,48,,,,,,,,,,,,,,,0.86,12,3839.29,,
ASSIGNMENT,A009_2,,,,,,,T009_R8,RC005,,,,,,47,,,,,,,,,,,,,,,0.62,31,213.56,,
ASSIGNMENT,A009_3,,,,,,,T009_R7,RC010,,,,,,38,,,,,,,,,,,,,,,0.59,13,2958.39,,
ASSIGNMENT,A009_4,,,,,,,T009_R1,RH007,,,,,,68,,,,,,,,,,,,,,,0.46,18,2729.78,,
ASSIGNMENT,A009_5,,,,,,,T009_R2,RC001,,,,,,41,,,,,,,,,,,,,,,0.35,46,1892.31,,
ASSIGNMENT,A009_6,,,,,,,T009_R7,RM007,,,,,,14,,,,,,,,,,,,,,,0.28,36,2852.9,,
ASSIGNMENT,A009_7,,,,,,,T009_R6,RH037,,,,,,72,,,,,,,,,,,,,,,0.31,28,3845.58,,
ASSIGNMENT,A009_8,,,,,,,T009_R5,RH016,,,,,,20,,,,,,,,,,,,,,,0.35,25,1928.67,,
ASSIGNMENT,A009_9,,,,,,,T009_R6,RM007,,,,,,33,,,,,,,,,,,,,,,0.82,38,2594.7,,
ASSIGNMENT,A009_10,,,,,,,T009_M1,RH006,,,,,,25,,,,,,,,,,,,,,,0.28,45,1731.9,,
ASSIGNMENT,A009_11,,,,,,,T009_R8,RC004,,,,,,73,,,,,,,,,,,,,,,0.36,8,1707.03,,
PROJECT,PR010,Inventory System v10,Description of Inventory System v10,,,,,,,2024-11-09,2025-06-20,ON_HOLD,,,,,,,,,,,,,,,,,,,,,,
CALENDAR,CAL010,,,PR010,,,,,,,,,,,,,,,,,,,,,,,,,,,,,MON;TUE;WED;THU;FRI,09:00-18:00
BASELINE,BL010_1,,,PR010,,,,,,,,,2025-01-02,,,,,,,,,,,,,,,,,,,,,
BASELINE,BL010_2,,,PR010,,,,,,,,,2025-01-08,,,,,,,,,,,,,,,,,,,,,
BASELINE,BL010_3,,,PR010,,,,,,,,,2024-12-05,,,,,,,,,,,,,,,,,,,,,
SUMMARY_TASK,T010_S1,Phase 1,,PR010,,,,,,,,IN_PROGRESS,,0,,,500,,,,,,,,,,,,,,,,,
SUMMARY_TASK,T010_S2,Phase 2,,PR010,,,,,,,,IN_PROGRESS,,0,,,500,,,,,,,,,,,,,,,,,
TASK,T010_R1,Validate reporting service,,PR010,T010_S2,,,,,2024-11-09,,ON_HOLD,,16,216,0.37,100,false,,,,,,,,,,,,,,,,
TASK,T010_R2,Migrate data export,,PR010,T010_S1,,,,,2024-12-04,,IN_PROGRESS,,9,175,0.97,900,false,,,,,,,,,,,,,,,,
TASK,T010_R3,Integrate CI/CD pipeline,,PR010,T010_S1,,,,,2024-11-30,,NOT_STARTED,,5,218,0.24,900,true,,,,,,,,,,,,,,,,
TASK,T010_R4,Test deployment scripts,,PR010,T010_S2,,,,,2024-11-22,,ON_HOLD,,23,60,0.5,900,false,,,,,,,,,,,,,,,,
TASK,T010_R5,Validate auth flow,,PR010,T010_S1,,,,,2024-11-26,,ON_HOLD,,17,61,0.33,700,false,,,,,,,,,,,,,,,,
TASK,T010_R6,Prototype notification system,,PR010,,,,,,2024-11-30,,ON_HOLD,,18,98,0.77,500,true,,,,,,,,,,,,,,,,
TASK,T010_R7,Integrate reporting service,,PR010,,,,,,2024-12-03,,ON_HOLD,,8,84,0.29,300,false,,,,,,,,,,,,,,,,
TASK,T010_R8,Document database schema,,PR010,T010_S2,,,,,2024-11-26,,COMPLETED,,19,181,0.38,700,false,,,,,,,,,,,,,,,,
MILESTONE,T010_M1,MVP Ready,,PR010,,,,,,,,,,0,,,500,true,,,,,,,,,,,,,,,,
MILESTONE,T010_M2,GA Launch,,PR010,,,,,,,,,,0,,,500,true,,,,,,,,,,,,,,,,
DEPENDENCY,D010_1,,,,,T010_R5,T010_R2,,,,,,,,,,,,FF,3,,,,,,,,,,,,,,
DEPENDENCY,D010_2,,,,,T010_R5,T010_R8,,,,,,,,,,,,SS,1,,,,,,,,,,,,,,
DEPENDENCY,D010_3,,,,,T010_M1,T010_R5,,,,,,,,,,,,FF,1,,,,,,,,,,,,,,
DEPENDENCY,D010_4,,,,,T010_R2,T010_R4,,,,,,,,,,,,SS,0,,,,,,,,,,,,,,
ASSIGNMENT,A010_1,,,,,,,T010_M1,RH029,,,,,,14,,,,,,,,,,,,,,,0.73,6,2125.18,,
ASSIGNMENT,A010_2,,,,,,,T010_R8,RH013,,,,,,25,,,,,,,,,,,,,,,0.76,0,4826.14,,
ASSIGNMENT,A010_3,,,,,,,T010_R3,RM013,,,,,,68,,,,,,,,,,,,,,,0.74,30,3287.64,,
ASSIGNMENT,A010_4,,,,,,,T010_R5,RM002,,,,,,15,,,,,,,,,,,,,,,0.46,58,3866.75,,
ASSIGNMENT,A010_5,,,,,,,T010_M2,RH030,,,,,,12,,,,,,,,,,,,,,,0.65,58,4615.21,,
ASSIGNMENT,A010_6,,,,,,,T010_R7,RH023,,,,,,12,,,,,,,,,,,,,,,0.95,53,2045.27,,
ASSIGNMENT,A010_7,,,,,,,T010_R8,RH024,,,,,,45,,,,,,,,,,,,,,,0.95,56,283.58,,
ASSIGNMENT,A010_8,,,,,,,T010_R5,RH014,,,,,,50,,,,,,,,,,,,,,,0.95,18,2326.31,,
ASSIGNMENT,A010_9,,,,,,,T010_M1,RC009,,,,,,25,,,,,,,,,,,,,,,0.92,54,2570.64,,
ASSIGNMENT,A010_10,,,,,,,T010_R5,RH025,,,,,,50,,,,,,,,,,,,,,,0.86,10,3682.48,,
ASSIGNMENT,A010_11,,,,,,,T010_R5,RH024,,,,,,51,,,,,,,,,,,,,,,0.26,50,1545.62,,
ASSIGNMENT,A010_12,,,,,,,T010_R4,RH023,,,,,,59,,,,,,,,,,,,,,,0.71,52,2195.75,,
ASSIGNMENT,A010_13,,,,,,,T010_R6,RH012,,,,,,20,,,,,,,,,,,,,,,0.55,11,4910.26,,
PROJECT,PR011,Risk Engine v11,Description of Risk Engine v11,,,,,,,2024-09-01,2025-04-14,IN_PROGRESS,,,,,,,,,,,,,,,,,,,,,,
CALENDAR,CAL011,,,PR011,,,,,,,,,,,,,,,,,,,,,,,,,,,,,MON;TUE;WED;THU;FRI,09:00-18:00
BASELINE,BL011_1,,,PR011,,,,,,,,,2024-09-24,,,,,,,,,,,,,,,,,,,,,
SUMMARY_TASK,T011_S1,Phase 1,,PR011,,,,,,,,IN_PROGRESS,,0,,,500,,,,,,,,,,,,,,,,,
SUMMARY_TASK,T011_S2,Phase 2,,PR011,,,,,,,,IN_PROGRESS,,0,,,500,,,,,,,,,,,,,,,,,
TASK,T011_R1,Audit caching layer,,PR011,T011_S2,,,,,2024-09-19,,COMPLETED,,11,85,0.72,100,false,,,,,,,,,,,,,,,,
TASK,T011_R2,Configure database schema,,PR011,T011_S1,,,,,2024-09-06,,COMPLETED,,15,86,0.41,900,false,,,,,,,,,,,,,,,,
TASK,T011_R3,Review search index,,PR011,T011_S2,,,,,2024-09-16,,COMPLETED,,8,42,0.15,900,false,,,,,,,,,,,,,,,,
TASK,T011_R4,Audit user management,,PR011,T011_S2,,,,,2024-09-22,,ON_HOLD,,25,71,0.75,100,false,,,,,,,,,,,,,,,,
TASK,T011_R5,Design user management,,PR011,T011_S1,,,,,2024-09-05,,ON_HOLD,,19,145,0.16,900,true,,,,,,,,,,,,,,,,
TASK,T011_R6,Migrate data export,,PR011,,,,,,2024-09-17,,ON_HOLD,,3,238,0.45,100,true,,,,,,,,,,,,,,,,
TASK,T011_R7,Integrate monitoring,,PR011,T011_S1,,,,,2024-09-10,,COMPLETED,,22,214,0.72,700,false,,,,,,,,,,,,,,,,
TASK,T011_R8,Design deployment scripts,,PR011,T011_S1,,,,,2024-09-03,,NOT_STARTED,,12,187,0.54,100,false,,,,,,,,,,,,,,,,
MILESTONE,T011_M1,Compliance Review Passed,,PR011,,,,,,,,,,0,,,500,true,,,,,,,,,,,,,,,,
MILESTONE,T011_M2,Kickoff Complete,,PR011,,,,,,,,,,0,,,500,true,,,,,,,,,,,,,,,,
DEPENDENCY,D011_1,,,,,T011_R7,T011_R3,,,,,,,,,,,,SS,5,,,,,,,,,,,,,,
DEPENDENCY,D011_2,,,,,T011_R7,T011_R6,,,,,,,,,,,,SF,3,,,,,,,,,,,,,,
DEPENDENCY,D011_3,,,,,T011_R7,T011_M2,,,,,,,,,,,,FS,5,,,,,,,,,,,,,,
DEPENDENCY,D011_4,,,,,T011_M1,T011_R3,,,,,,,,,,,,FF,0,,,,,,,,,,,,,,
DEPENDENCY,D011_5,,,,,T011_R3,T011_M1,,,,,,,,,,,,SF,4,,,,,,,,,,,,,,
DEPENDENCY,D011_6,,,,,T011_R3,T011_R4,,,,,,,,,,,,FS,0,,,,,,,,,,,,,,
ASSIGNMENT,A011_1,,,,,,,T011_R8,RM015,,,,,,37,,,,,,,,,,,,,,,0.65,15,2357.06,,
ASSIGNMENT,A011_2,,,,,,,T011_R3,RH036,,,,,,22,,,,,,,,,,,,,,,0.39,2,4066.44,,
ASSIGNMENT,A011_3,,,,,,,T011_R7,RH003,,,,,,16,,,,,,,,,,,,,,,0.43,6,3010.33,,
ASSIGNMENT,A011_4,,,,,,,T011_R8,RH007,,,,,,13,,,,,,,,,,,,,,,0.43,25,2250.92,,
ASSIGNMENT,A011_5,,,,,,,T011_M1,RH028,,,,,,15,,,,,,,,,,,,,,,0.82,8,2569.09,,
ASSIGNMENT,A011_6,,,,,,,T011_R5,RH030,,,,,,48,,,,,,,,,,,,,,,0.86,36,3029.8,,
ASSIGNMENT,A011_7,,,,,,,T011_R6,RH031,,,,,,26,,,,,,,,,,,,,,,0.48,42,2654.13,,
ASSIGNMENT,A011_8,,,,,,,T011_R7,RH039,,,,,,79,,,,,,,,,,,,,,,0.46,60,2999.17,,
ASSIGNMENT,A011_9,,,,,,,T011_R3,RM015,,,,,,14,,,,,,,,,,,,,,,0.67,22,4713.77,,
ASSIGNMENT,A011_10,,,,,,,T011_R7,RM001,,,,,,60,,,,,,,,,,,,,,,0.77,9,1569.45,,
PROJECT,PR012,Logistics Network v12,Description of Logistics Network v12,,,,,,,2024-04-04,2025-03-05,IN_PROGRESS,,,,,,,,,,,,,,,,,,,,,,
CALENDAR,CAL012,,,PR012,,,,,,,,,,,,,,,,,,,,,,,,,,,,,MON;TUE;WED;THU;FRI,09:00-18:00
BASELINE,BL012_1,,,PR012,,,,,,,,,2024-04-30,,,,,,,,,,,,,,,,,,,,,
SUMMARY_TASK,T012_S1,Phase 1,,PR012,,,,,,,,IN_PROGRESS,,0,,,500,,,,,,,,,,,,,,,,,
SUMMARY_TASK,T012_S2,Phase 2,,PR012,,,,,,,,IN_PROGRESS,,0,,,500,,,,,,,,,,,,,,,,,
TASK,T012_R1,Audit monitoring,,PR012,T012_S1,,,,,2024-04-21,,IN_PROGRESS,,30,22,0.41,700,false,,,,,,,,,,,,,,,,
TASK,T012_R2,Review backend,,PR012,,,,,,2024-05-01,,IN_PROGRESS,,30,123,0.37,900,true,,,,,,,,,,,,,,,,
TASK,T012_R3,Architect backend,,PR012,T012_S1,,,,,2024-04-28,,IN_PROGRESS,,7,213,0.59,900,false,,,,,,,,,,,,,,,,
TASK,T012_R4,Document API,,PR012,T012_S2,,,,,2024-05-04,,IN_PROGRESS,,7,56,0.74,700,false,,,,,,,,,,,,,,,,
TASK,T012_R5,Prototype search index,,PR012,T012_S2,,,,,2024-04-28,,COMPLETED,,18,90,0.28,700,false,,,,,,,,,,,,,,,,
TASK,T012_R6,Optimize database schema,,PR012,T012_S2,,,,,2024-04-19,,IN_PROGRESS,,26,192,0.76,500,false,,,,,,,,,,,,,,,,
TASK,T012_R7,Validate auth flow,,PR012,T012_S1,,,,,2024-04-21,,ON_HOLD,,1,74,0.93,900,true,,,,,,,,,,,,,,,,
TASK,T012_R8,Deploy CI/CD pipeline,,PR012,,,,,,2024-04-11,,COMPLETED,,19,221,0.5,500,false,,,,,,,,,,,,,,,,
MILESTONE,T012_M1,Compliance Review Passed,,PR012,,,,,,,,,,0,,,500,true,,,,,,,,,,,,,,,,
MILESTONE,T012_M2,Compliance Review Passed,,PR012,,,,,,,,,,0,,,500,true,,,,,,,,,,,,,,,,
DEPENDENCY,D012_1,,,,,T012_R3,T012_R6,,,,,,,,,,,,SS,1,,,,,,,,,,,,,,
DEPENDENCY,D012_2,,,,,T012_M1,T012_R8,,,,,,,,,,,,SS,4,,,,,,,,,,,,,,
DEPENDENCY,D012_3,,,,,T012_R1,T012_M1,,,,,,,,,,,,FS,0,,,,,,,,,,,,,,
DEPENDENCY,D012_4,,,,,T012_R1,T012_M2,,,,,,,,,,,,SF,1,,,,,,,,,,,,,,
DEPENDENCY,D012_5,,,,,T012_R4,T012_R2,,,,,,,,,,,,SS,0,,,,,,,,,,,,,,
DEPENDENCY,D012_6,,,,,T012_R4,T012_M1,,,,,,,,,,,,SF,2,,,,,,,,,,,,,,
DEPENDENCY,D012_7,,,,,T012_R1,T012_R8,,,,,,,,,,,,SF,0,,,,,,,,,,,,,,
ASSIGNMENT,A012_1,,,,,,,T012_M1,RM013,,,,,,75,,,,,,,,,,,,,,,0.26,46,1446.23,,
ASSIGNMENT,A012_2,,,,,,,T012_R5,RH003,,,,,,63,,,,,,,,,,,,,,,0.63,51,4704.59,,
ASSIGNMENT,A012_3,,,,,,,T012_R3,RH014,,,,,,75,,,,,,,,,,,,,,,0.94,9,1280.75,,
ASSIGNMENT,A012_4,,,,,,,T012_M2,RH033,,,,,,42,,,,,,,,,,,,,,,0.86,50,2044.79,,
ASSIGNMENT,A012_5,,,,,,,T012_R6,RM012,,,,,,39,,,,,,,,,,,,,,,0.59,44,1206.7,,
ASSIGNMENT,A012_6,,,,,,,T012_R2,RH005,,,,,,56,,,,,,,,,,,,,,,0.32,24,2808.24,,
ASSIGNMENT,A012_7,,,,,,,T012_R1,RH002,,,,,,18,,,,,,,,,,,,,,,0.78,31,4242.12,,
ASSIGNMENT,A012_8,,,,,,,T012_R6,RH013,,,,,,13,,,,,,,,,,,,,,,0.92,14,1135.94,,
PROJECT,PR013,Logistics Network v13,Description of Logistics Network v13,,,,,,,2024-12-20,2025-12-05,COMPLETED,,,,,,,,,,,,,,,,,,,,,,
CALENDAR,CAL013,,,PR013,,,,,,,,,,,,,,,,,,,,,,,,,,,,,MON;TUE;WED;THU;FRI,09:00-18:00
BASELINE,BL013_1,,,PR013,,,,,,,,,2024-12-31,,,,,,,,,,,,,,,,,,,,,
SUMMARY_TASK,T013_S1,Phase 1,,PR013,,,,,,,,IN_PROGRESS,,0,,,500,,,,,,,,,,,,,,,,,
SUMMARY_TASK,T013_S2,Phase 2,,PR013,,,,,,,,IN_PROGRESS,,0,,,500,,,,,,,,,,,,,,,,,
TASK,T013_R1,Prototype frontend,,PR013,T013_S2,,,,,2024-12-30,,IN_PROGRESS,,6,225,0.02,300,false,,,,,,,,,,,,,,,,
TASK,T013_R2,Prototype backend,,PR013,T013_S2,,,,,2025-01-07,,COMPLETED,,10,49,0.24,700,false,,,,,,,,,,,,,,,,
TASK,T013_R3,Integrate analytics pipeline,,PR013,T013_S1,,,,,2025-01-02,,COMPLETED,,2,33,0.23,100,false,,,,,,,,,,,,,,,,
TASK,T013_R4,Audit notification system,,PR013,T013_S2,,,,,2024-12-28,,ON_HOLD,,1,170,0.78,700,true,,,,,,,,,,,,,,,,
TASK,T013_R5,Refactor payment module,,PR013,T013_S2,,,,,2025-01-10,,COMPLETED,,22,157,0.38,900,false,,,,,,,,,,,,,,,,
TASK,T013_R6,Document auth flow,,PR013,T013_S1,,,,,2025-01-14,,COMPLETED,,13,190,0.63,700,false,,,,,,,,,,,,,,,,
TASK,T013_R7,Document monitoring,,PR013,,,,,,2024-12-28,,IN_PROGRESS,,12,202,0.1,100,false,,,,,,,,,,,,,,,,
TASK,T013_R8,Implement API,,PR013,T013_S2,,,,,2025-01-06,,COMPLETED,,3,98,0.09,900,false,,,,,,,,,,,,,,,,
MILESTONE,T013_M1,Kickoff Complete,,PR013,,,,,,,,,,0,,,500,true,,,,,,,,,,,,,,,,
MILESTONE,T013_M2,GA Launch,,PR013,,,,,,,,,,0,,,500,true,,,,,,,,,,,,,,,,
DEPENDENCY,D013_1,,,,,T013_R7,T013_R2,,,,,,,,,,,,SS,4,,,,,,,,,,,,,,
DEPENDENCY,D013_2,,,,,T013_M1,T013_R3,,,,,,,,,,,,SF,1,,,,,,,,,,,,,,
DEPENDENCY,D013_3,,,,,T013_R3,T013_R5,,,,,,,,,,,,FF,2,,,,,,,,,,,,,,
DEPENDENCY,D013_4,,,,,T013_R8,T013_R3,,,,,,,,,,,,FS,1,,,,,,,,,,,,,,
DEPENDENCY,D013_5,,,,,T013_R7,T013_R5,,,,,,,,,,,,SF,2,,,,,,,,,,,,,,
DEPENDENCY,D013_6,,,,,T013_R8,T013_R2,,,,,,,,,,,,FF,2,,,,,,,,,,,,,,
DEPENDENCY,D013_7,,,,,T013_R4,T013_R8,,,,,,,,,,,,SS,3,,,,,,,,,,,,,,
ASSIGNMENT,A013_1,,,,,,,T013_R3,RH039,,,,,,58,,,,,,,,,,,,,,,0.26,21,4223.91,,
ASSIGNMENT,A013_2,,,,,,,T013_R7,RM003,,,,,,63,,,,,,,,,,,,,,,0.58,52,4135.32,,
ASSIGNMENT,A013_3,,,,,,,T013_M2,RH018,,,,,,33,,,,,,,,,,,,,,,0.48,30,1639.5,,
ASSIGNMENT,A013_4,,,,,,,T013_R7,RM001,,,,,,70,,,,,,,,,,,,,,,0.47,36,3931.67,,
ASSIGNMENT,A013_5,,,,,,,T013_R6,RM009,,,,,,58,,,,,,,,,,,,,,,0.46,23,658.05,,
ASSIGNMENT,A013_6,,,,,,,T013_M2,RH026,,,,,,77,,,,,,,,,,,,,,,0.69,11,3440.39,,
ASSIGNMENT,A013_7,,,,,,,T013_M1,RH004,,,,,,67,,,,,,,,,,,,,,,0.96,60,3571.0,,
ASSIGNMENT,A013_8,,,,,,,T013_R8,RH038,,,,,,16,,,,,,,,,,,,,,,0.87,52,4254.16,,
PROJECT,PR014,Customer Portal v14,Description of Customer Portal v14,,,,,,,2024-07-28,2025-06-08,COMPLETED,,,,,,,,,,,,,,,,,,,,,,
CALENDAR,CAL014,,,PR014,,,,,,,,,,,,,,,,,,,,,,,,,,,,,MON;TUE;WED;THU;FRI,09:00-18:00
BASELINE,BL014_1,,,PR014,,,,,,,,,2024-08-20,,,,,,,,,,,,,,,,,,,,,
SUMMARY_TASK,T014_S1,Phase 1,,PR014,,,,,,,,IN_PROGRESS,,0,,,500,,,,,,,,,,,,,,,,,
SUMMARY_TASK,T014_S2,Phase 2,,PR014,,,,,,,,IN_PROGRESS,,0,,,500,,,,,,,,,,,,,,,,,
TASK,T014_R1,Audit CI/CD pipeline,,PR014,T014_S2,,,,,2024-08-16,,ON_HOLD,,3,122,0.48,700,false,,,,,,,,,,,,,,,,
TASK,T014_R2,Validate backend,,PR014,T014_S2,,,,,2024-08-04,,IN_PROGRESS,,4,204,0.66,500,false,,,,,,,,,,,,,,,,
TASK,T014_R3,Configure CI/CD pipeline,,PR014,,,,,,2024-08-27,,NOT_STARTED,,25,92,0.8,100,true,,,,,,,,,,,,,,,,
TASK,T014_R4,Validate search index,,PR014,,,,,,2024-08-09,,IN_PROGRESS,,15,103,0.46,900,false,,,,,,,,,,,,,,,,
TASK,T014_R5,Implement reporting service,,PR014,,,,,,2024-07-31,,COMPLETED,,14,29,0.83,300,false,,,,,,,,,,,,,,,,
TASK,T014_R6,Integrate data export,,PR014,T014_S1,,,,,2024-07-31,,COMPLETED,,12,129,0.44,700,true,,,,,,,,,,,,,,,,
TASK,T014_R7,Validate database schema,,PR014,,,,,,2024-08-07,,IN_PROGRESS,,1,225,0.65,300,false,,,,,,,,,,,,,,,,
TASK,T014_R8,Integrate deployment scripts,,PR014,T014_S2,,,,,2024-08-22,,IN_PROGRESS,,15,67,0.41,300,false,,,,,,,,,,,,,,,,
MILESTONE,T014_M1,Stakeholder Sign-off,,PR014,,,,,,,,,,0,,,500,true,,,,,,,,,,,,,,,,
MILESTONE,T014_M2,Stakeholder Sign-off,,PR014,,,,,,,,,,0,,,500,true,,,,,,,,,,,,,,,,
DEPENDENCY,D014_1,,,,,T014_M2,T014_R4,,,,,,,,,,,,SF,4,,,,,,,,,,,,,,
DEPENDENCY,D014_2,,,,,T014_R7,T014_M2,,,,,,,,,,,,FS,5,,,,,,,,,,,,,,
DEPENDENCY,D014_3,,,,,T014_R4,T014_M2,,,,,,,,,,,,FF,5,,,,,,,,,,,,,,
DEPENDENCY,D014_4,,,,,T014_R2,T014_M2,,,,,,,,,,,,SS,2,,,,,,,,,,,,,,
ASSIGNMENT,A014_1,,,,,,,T014_R4,RC004,,,,,,70,,,,,,,,,,,,,,,0.34,33,4832.99,,
ASSIGNMENT,A014_2,,,,,,,T014_R6,RM010,,,,,,22,,,,,,,,,,,,,,,0.71,22,1824.73,,
ASSIGNMENT,A014_3,,,,,,,T014_R8,RH023,,,,,,46,,,,,,,,,,,,,,,0.86,58,3110.97,,
ASSIGNMENT,A014_4,,,,,,,T014_R2,RH018,,,,,,38,,,,,,,,,,,,,,,0.48,19,673.05,,
ASSIGNMENT,A014_5,,,,,,,T014_R6,RH019,,,,,,61,,,,,,,,,,,,,,,0.63,38,775.55,,
ASSIGNMENT,A014_6,,,,,,,T014_R7,RM015,,,,,,76,,,,,,,,,,,,,,,0.39,44,4603.89,,
ASSIGNMENT,A014_7,,,,,,,T014_R3,RH022,,,,,,25,,,,,,,,,,,,,,,0.62,11,1641.44,,
ASSIGNMENT,A014_8,,,,,,,T014_R8,RH007,,,,,,9,,,,,,,,,,,,,,,0.9,31,769.02,,
ASSIGNMENT,A014_9,,,,,,,T014_R7,RC010,,,,,,60,,,,,,,,,,,,,,,0.74,43,2509.46,,
ASSIGNMENT,A014_10,,,,,,,T014_R8,RC008,,,,,,80,,,,,,,,,,,,,,,0.38,1,3999.82,,
PROJECT,PR015,Mobile Banking App v15,Description of Mobile Banking App v15,,,,,,,2024-04-22,2024-11-17,COMPLETED,,,,,,,,,,,,,,,,,,,,,,
CALENDAR,CAL015,,,PR015,,,,,,,,,,,,,,,,,,,,,,,,,,,,,MON;TUE;WED;THU;FRI,09:00-18:00
BASELINE,BL015_1,,,PR015,,,,,,,,,2024-06-02,,,,,,,,,,,,,,,,,,,,,
SUMMARY_TASK,T015_S1,Phase 1,,PR015,,,,,,,,IN_PROGRESS,,0,,,500,,,,,,,,,,,,,,,,,
SUMMARY_TASK,T015_S2,Phase 2,,PR015,,,,,,,,IN_PROGRESS,,0,,,500,,,,,,,,,,,,,,,,,
TASK,T015_R1,Audit monitoring,,PR015,,,,,,2024-05-16,,NOT_STARTED,,19,198,0.77,900,false,,,,,,,,,,,,,,,,
TASK,T015_R2,Integrate analytics pipeline,,PR015,,,,,,2024-05-16,,IN_PROGRESS,,18,218,0.04,700,false,,,,,,,,,,,,,,,,
TASK,T015_R3,Architect search index,,PR015,,,,,,2024-04-23,,NOT_STARTED,,10,231,0.45,500,false,,,,,,,,,,,,,,,,
TASK,T015_R4,Deploy analytics pipeline,,PR015,T015_S1,,,,,2024-05-11,,IN_PROGRESS,,28,189,0.63,300,false,,,,,,,,,,,,,,,,
TASK,T015_R5,Migrate analytics pipeline,,PR015,T015_S1,,,,,2024-05-11,,COMPLETED,,18,79,0.54,500,true,,,,,,,,,,,,,,,,
TASK,T015_R6,Architect database schema,,PR015,,,,,,2024-05-17,,COMPLETED,,5,200,0.41,100,false,,,,,,,,,,,,,,,,
TASK,T015_R7,Architect auth flow,,PR015,,,,,,2024-05-14,,ON_HOLD,,8,45,0.32,300,false,,,,,,,,,,,,,,,,
TASK,T015_R8,Configure deployment scripts,,PR015,T015_S2,,,,,2024-04-24,,ON_HOLD,,13,123,0.63,100,false,,,,,,,,,,,,,,,,
MILESTONE,T015_M1,GA Launch,,PR015,,,,,,,,,,0,,,500,true,,,,,,,,,,,,,,,,
MILESTONE,T015_M2,Phase 1 Closed,,PR015,,,,,,,,,,0,,,500,true,,,,,,,,,,,,,,,,
DEPENDENCY,D015_1,,,,,T015_R8,T015_R6,,,,,,,,,,,,FS,5,,,,,,,,,,,,,,
DEPENDENCY,D015_2,,,,,T015_R2,T015_R8,,,,,,,,,,,,FF,0,,,,,,,,,,,,,,
DEPENDENCY,D015_3,,,,,T015_M1,T015_R7,,,,,,,,,,,,SS,3,,,,,,,,,,,,,,
DEPENDENCY,D015_4,,,,,T015_R4,T015_R8,,,,,,,,,,,,FF,2,,,,,,,,,,,,,,
DEPENDENCY,D015_5,,,,,T015_R5,T015_R6,,,,,,,,,,,,SS,4,,,,,,,,,,,,,,
DEPENDENCY,D015_6,,,,,T015_R8,T015_R6,,,,,,,,,,,,FS,0,,,,,,,,,,,,,,
DEPENDENCY,D015_7,,,,,T015_R2,T015_R8,,,,,,,,,,,,FS,0,,,,,,,,,,,,,,
ASSIGNMENT,A015_1,,,,,,,T015_R3,RC002,,,,,,62,,,,,,,,,,,,,,,0.59,12,4978.9,,
ASSIGNMENT,A015_2,,,,,,,T015_R3,RH039,,,,,,43,,,,,,,,,,,,,,,0.37,5,3307.48,,
ASSIGNMENT,A015_3,,,,,,,T015_R5,RH011,,,,,,29,,,,,,,,,,,,,,,0.53,3,2042.07,,
ASSIGNMENT,A015_4,,,,,,,T015_R5,RH030,,,,,,19,,,,,,,,,,,,,,,0.57,45,566.4,,
ASSIGNMENT,A015_5,,,,,,,T015_R4,RC007,,,,,,36,,,,,,,,,,,,,,,0.31,33,3431.92,,
ASSIGNMENT,A015_6,,,,,,,T015_R1,RH002,,,,,,23,,,,,,,,,,,,,,,0.77,55,2169.34,,
ASSIGNMENT,A015_7,,,,,,,T015_R3,RC007,,,,,,57,,,,,,,,,,,,,,,0.3,5,3680.74,,
ASSIGNMENT,A015_8,,,,,,,T015_R2,RH014,,,,,,46,,,,,,,,,,,,,,,0.49,8,1975.33,,
ASSIGNMENT,A015_9,,,,,,,T015_R3,RH019,,,,,,80,,,,,,,,,,,,,,,0.3,0,3090.56,,
ASSIGNMENT,A015_10,,,,,,,T015_R3,RC002,,,,,,35,,,,,,,,,,,,,,,0.51,40,3766.52,,
ASSIGNMENT,A015_11,,,,,,,T015_R7,RC002,,,,,,19,,,,,,,,,,,,,,,0.89,57,592.28,,
ASSIGNMENT,A015_12,,,,,,,T015_R2,RM010,,,,,,62,,,,,,,,,,,,,,,0.51,20,3976.28,,
ASSIGNMENT,A015_13,,,,,,,T015_R4,RH036,,,,,,39,,,,,,,,,,,,,,,0.73,35,3044.9,,
ASSIGNMENT,A015_14,,,,,,,T015_M2,RH037,,,,,,11,,,,,,,,,,,,,,,0.83,54,4250.64,,
PROJECT,PR016,Compliance Module v16,Description of Compliance Module v16,,,,,,,2024-06-03,2024-11-15,IN_PROGRESS,,,,,,,,,,,,,,,,,,,,,,
CALENDAR,CAL016,,,PR016,,,,,,,,,,,,,,,,,,,,,,,,,,,,,MON;TUE;WED;THU;FRI,09:00-18:00
BASELINE,BL016_1,,,PR016,,,,,,,,,2024-07-05,,,,,,,,,,,,,,,,,,,,,
BASELINE,BL016_2,,,PR016,,,,,,,,,2024-06-28,,,,,,,,,,,,,,,,,,,,,
BASELINE,BL016_3,,,PR016,,,,,,,,,2024-07-21,,,,,,,,,,,,,,,,,,,,,
SUMMARY_TASK,T016_S1,Phase 1,,PR016,,,,,,,,IN_PROGRESS,,0,,,500,,,,,,,,,,,,,,,,,
SUMMARY_TASK,T016_S2,Phase 2,,PR016,,,,,,,,IN_PROGRESS,,0,,,500,,,,,,,,,,,,,,,,,
TASK,T016_R1,Prototype search index,,PR016,,,,,,2024-06-06,,NOT_STARTED,,16,106,0.24,900,false,,,,,,,,,,,,,,,,
TASK,T016_R2,Prototype notification system,,PR016,T016_S2,,,,,2024-06-30,,COMPLETED,,5,107,0.84,700,false,,,,,,,,,,,,,,,,
TASK,T016_R3,Optimize backend,,PR016,,,,,,2024-06-05,,NOT_STARTED,,1,158,0.01,300,false,,,,,,,,,,,,,,,,
TASK,T016_R4,Integrate reporting service,,PR016,T016_S2,,,,,2024-06-19,,ON_HOLD,,21,190,0.77,700,true,,,,,,,,,,,,,,,,
TASK,T016_R5,Document backend,,PR016,T016_S1,,,,,2024-06-19,,COMPLETED,,10,28,0.92,300,false,,,,,,,,,,,,,,,,
TASK,T016_R6,Document deployment scripts,,PR016,T016_S1,,,,,2024-06-10,,ON_HOLD,,24,224,0.06,100,true,,,,,,,,,,,,,,,,
TASK,T016_R7,Document payment module,,PR016,T016_S1,,,,,2024-06-25,,IN_PROGRESS,,4,11,0.14,100,false,,,,,,,,,,,,,,,,
TASK,T016_R8,Test analytics pipeline,,PR016,T016_S2,,,,,2024-06-27,,NOT_STARTED,,5,199,0.87,100,false,,,,,,,,,,,,,,,,
MILESTONE,T016_M1,Stakeholder Sign-off,,PR016,,,,,,,,,,0,,,500,true,,,,,,,,,,,,,,,,
MILESTONE,T016_M2,GA Launch,,PR016,,,,,,,,,,0,,,500,true,,,,,,,,,,,,,,,,
DEPENDENCY,D016_1,,,,,T016_R2,T016_R5,,,,,,,,,,,,FS,3,,,,,,,,,,,,,,
DEPENDENCY,D016_2,,,,,T016_R8,T016_M1,,,,,,,,,,,,FF,0,,,,,,,,,,,,,,
DEPENDENCY,D016_3,,,,,T016_R8,T016_R3,,,,,,,,,,,,FF,1,,,,,,,,,,,,,,
DEPENDENCY,D016_4,,,,,T016_R5,T016_R2,,,,,,,,,,,,FS,1,,,,,,,,,,,,,,
DEPENDENCY,D016_5,,,,,T016_M1,T016_R1,,,,,,,,,,,,FS,0,,,,,,,,,,,,,,
DEPENDENCY,D016_6,,,,,T016_R4,T016_R1,,,,,,,,,,,,SF,2,,,,,,,,,,,,,,
DEPENDENCY,D016_7,,,,,T016_R7,T016_R3,,,,,,,,,,,,SS,0,,,,,,,,,,,,,,
DEPENDENCY,D016_8,,,,,T016_M1,T016_R7,,,,,,,,,,,,SS,2,,,,,,,,,,,,,,
ASSIGNMENT,A016_1,,,,,,,T016_R7,RM001,,,,,,17,,,,,,,,,,,,,,,0.45,36,1926.76,,
ASSIGNMENT,A016_2,,,,,,,T016_M1,RH007,,,,,,74,,,,,,,,,,,,,,,0.38,2,4774.99,,
ASSIGNMENT,A016_3,,,,,,,T016_R2,RC005,,,,,,47,,,,,,,,,,,,,,,0.9,20,523.29,,
ASSIGNMENT,A016_4,,,,,,,T016_R8,RH002,,,,,,45,,,,,,,,,,,,,,,0.53,36,3944.09,,
ASSIGNMENT,A016_5,,,,,,,T016_M2,RH032,,,,,,71,,,,,,,,,,,,,,,0.6,49,3901.84,,
ASSIGNMENT,A016_6,,,,,,,T016_M1,RH032,,,,,,60,,,,,,,,,,,,,,,0.36,1,1241.69,,
ASSIGNMENT,A016_7,,,,,,,T016_R6,RH002,,,,,,8,,,,,,,,,,,,,,,0.96,48,3320.79,,
ASSIGNMENT,A016_8,,,,,,,T016_R5,RH014,,,,,,38,,,,,,,,,,,,,,,0.4,26,2510.94,,
ASSIGNMENT,A016_9,,,,,,,T016_R1,RH019,,,,,,19,,,,,,,,,,,,,,,0.78,2,4614.24,,
PROJECT,PR017,Fraud Detection v17,Description of Fraud Detection v17,,,,,,,2024-09-23,2025-06-21,COMPLETED,,,,,,,,,,,,,,,,,,,,,,
CALENDAR,CAL017,,,PR017,,,,,,,,,,,,,,,,,,,,,,,,,,,,,MON;TUE;WED;THU;FRI,09:00-18:00
BASELINE,BL017_1,,,PR017,,,,,,,,,2024-11-16,,,,,,,,,,,,,,,,,,,,,
BASELINE,BL017_2,,,PR017,,,,,,,,,2024-10-05,,,,,,,,,,,,,,,,,,,,,
SUMMARY_TASK,T017_S1,Phase 1,,PR017,,,,,,,,IN_PROGRESS,,0,,,500,,,,,,,,,,,,,,,,,
SUMMARY_TASK,T017_S2,Phase 2,,PR017,,,,,,,,IN_PROGRESS,,0,,,500,,,,,,,,,,,,,,,,,
TASK,T017_R1,Configure CI/CD pipeline,,PR017,T017_S1,,,,,2024-10-11,,IN_PROGRESS,,3,159,0.06,300,true,,,,,,,,,,,,,,,,
TASK,T017_R2,Validate notification system,,PR017,T017_S2,,,,,2024-10-01,,IN_PROGRESS,,11,123,0.23,300,false,,,,,,,,,,,,,,,,
TASK,T017_R3,Implement payment module,,PR017,T017_S1,,,,,2024-10-03,,COMPLETED,,15,127,0.41,900,false,,,,,,,,,,,,,,,,
TASK,T017_R4,Document monitoring,,PR017,,,,,,2024-09-26,,NOT_STARTED,,9,226,0.09,500,true,,,,,,,,,,,,,,,,
TASK,T017_R5,Implement search index,,PR017,T017_S1,,,,,2024-10-09,,COMPLETED,,12,109,0.05,500,false,,,,,,,,,,,,,,,,
TASK,T017_R6,Refactor monitoring,,PR017,,,,,,2024-10-10,,NOT_STARTED,,18,199,0.25,700,false,,,,,,,,,,,,,,,,
TASK,T017_R7,Design frontend,,PR017,,,,,,2024-09-30,,COMPLETED,,27,207,0.13,700,false,,,,,,,,,,,,,,,,
TASK,T017_R8,Migrate caching layer,,PR017,T017_S1,,,,,2024-09-25,,IN_PROGRESS,,30,216,0.02,100,false,,,,,,,,,,,,,,,,
MILESTONE,T017_M1,Compliance Review Passed,,PR017,,,,,,,,,,0,,,500,true,,,,,,,,,,,,,,,,
MILESTONE,T017_M2,MVP Ready,,PR017,,,,,,,,,,0,,,500,true,,,,,,,,,,,,,,,,
DEPENDENCY,D017_1,,,,,T017_R6,T017_R2,,,,,,,,,,,,FS,3,,,,,,,,,,,,,,
DEPENDENCY,D017_2,,,,,T017_R1,T017_R3,,,,,,,,,,,,SF,5,,,,,,,,,,,,,,
DEPENDENCY,D017_3,,,,,T017_R7,T017_R8,,,,,,,,,,,,FS,3,,,,,,,,,,,,,,
DEPENDENCY,D017_4,,,,,T017_R7,T017_R3,,,,,,,,,,,,FF,1,,,,,,,,,,,,,,
ASSIGNMENT,A017_1,,,,,,,T017_R5,RH036,,,,,,27,,,,,,,,,,,,,,,0.58,2,3109.12,,
ASSIGNMENT,A017_2,,,,,,,T017_M2,RH032,,,,,,71,,,,,,,,,,,,,,,0.74,26,4425.62,,
ASSIGNMENT,A017_3,,,,,,,T017_R8,RH008,,,,,,57,,,,,,,,,,,,,,,0.32,8,2154.25,,
ASSIGNMENT,A017_4,,,,,,,T017_M1,RH032,,,,,,77,,,,,,,,,,,,,,,0.72,50,195.7,,
ASSIGNMENT,A017_5,,,,,,,T017_R7,RM006,,,,,,70,,,,,,,,,,,,,,,0.61,22,4572.12,,
ASSIGNMENT,A017_6,,,,,,,T017_M1,RM002,,,,,,31,,,,,,,,,,,,,,,0.54,1,1662.5,,
ASSIGNMENT,A017_7,,,,,,,T017_R4,RH004,,,,,,43,,,,,,,,,,,,,,,0.92,3,4062.4,,
ASSIGNMENT,A017_8,,,,,,,T017_R8,RM006,,,,,,37,,,,,,,,,,,,,,,0.83,10,590.66,,
ASSIGNMENT,A017_9,,,,,,,T017_R4,RH035,,,,,,15,,,,,,,,,,,,,,,0.65,48,4982.32,,
PROJECT,PR018,Document Management v18,Description of Document Management v18,,,,,,,2024-04-22,2025-04-11,ON_HOLD,,,,,,,,,,,,,,,,,,,,,,
CALENDAR,CAL018,,,PR018,,,,,,,,,,,,,,,,,,,,,,,,,,,,,MON;TUE;WED;THU;FRI,09:00-18:00
BASELINE,BL018_1,,,PR018,,,,,,,,,2024-06-21,,,,,,,,,,,,,,,,,,,,,
BASELINE,BL018_2,,,PR018,,,,,,,,,2024-05-10,,,,,,,,,,,,,,,,,,,,,
SUMMARY_TASK,T018_S1,Phase 1,,PR018,,,,,,,,IN_PROGRESS,,0,,,500,,,,,,,,,,,,,,,,,
SUMMARY_TASK,T018_S2,Phase 2,,PR018,,,,,,,,IN_PROGRESS,,0,,,500,,,,,,,,,,,,,,,,,
TASK,T018_R1,Migrate notification system,,PR018,,,,,,2024-05-14,,NOT_STARTED,,26,196,0.36,900,false,,,,,,,,,,,,,,,,
TASK,T018_R2,Migrate user management,,PR018,T018_S1,,,,,2024-05-20,,COMPLETED,,27,215,0.97,900,true,,,,,,,,,,,,,,,,
TASK,T018_R3,Design search index,,PR018,,,,,,2024-04-22,,COMPLETED,,20,64,0.53,100,false,,,,,,,,,,,,,,,,
TASK,T018_R4,Test notification system,,PR018,,,,,,2024-05-21,,NOT_STARTED,,23,53,0.8,500,true,,,,,,,,,,,,,,,,
TASK,T018_R5,Audit database schema,,PR018,T018_S1,,,,,2024-05-19,,COMPLETED,,28,142,0.36,100,false,,,,,,,,,,,,,,,,
TASK,T018_R6,Review reporting service,,PR018,T018_S1,,,,,2024-04-27,,ON_HOLD,,11,42,0.73,700,false,,,,,,,,,,,,,,,,
TASK,T018_R7,Integrate analytics pipeline,,PR018,,,,,,2024-05-10,,COMPLETED,,8,178,0.81,700,false,,,,,,,,,,,,,,,,
TASK,T018_R8,Test API,,PR018,,,,,,2024-05-04,,NOT_STARTED,,23,154,0.85,900,true,,,,,,,,,,,,,,,,
MILESTONE,T018_M1,Phase 1 Closed,,PR018,,,,,,,,,,0,,,500,true,,,,,,,,,,,,,,,,
MILESTONE,T018_M2,Beta Released,,PR018,,,,,,,,,,0,,,500,true,,,,,,,,,,,,,,,,
DEPENDENCY,D018_1,,,,,T018_R2,T018_R8,,,,,,,,,,,,SS,2,,,,,,,,,,,,,,
DEPENDENCY,D018_2,,,,,T018_R2,T018_R4,,,,,,,,,,,,FF,2,,,,,,,,,,,,,,
DEPENDENCY,D018_3,,,,,T018_R3,T018_R2,,,,,,,,,,,,FF,3,,,,,,,,,,,,,,
DEPENDENCY,D018_4,,,,,T018_R1,T018_R5,,,,,,,,,,,,SS,1,,,,,,,,,,,,,,
DEPENDENCY,D018_5,,,,,T018_R2,T018_R6,,,,,,,,,,,,FF,0,,,,,,,,,,,,,,
DEPENDENCY,D018_6,,,,,T018_R1,T018_M2,,,,,,,,,,,,SF,3,,,,,,,,,,,,,,
DEPENDENCY,D018_7,,,,,T018_R7,T018_R3,,,,,,,,,,,,SF,3,,,,,,,,,,,,,,
DEPENDENCY,D018_8,,,,,T018_R7,T018_R6,,,,,,,,,,,,SF,0,,,,,,,,,,,,,,
ASSIGNMENT,A018_1,,,,,,,T018_R8,RH029,,,,,,17,,,,,,,,,,,,,,,0.37,51,4244.24,,
ASSIGNMENT,A018_2,,,,,,,T018_R5,RH003,,,,,,21,,,,,,,,,,,,,,,0.49,4,1774.86,,
ASSIGNMENT,A018_3,,,,,,,T018_R7,RH021,,,,,,78,,,,,,,,,,,,,,,0.8,60,4500.81,,
ASSIGNMENT,A018_4,,,,,,,T018_R2,RM004,,,,,,69,,,,,,,,,,,,,,,0.7,45,251.87,,
ASSIGNMENT,A018_5,,,,,,,T018_R3,RC001,,,,,,20,,,,,,,,,,,,,,,0.37,21,1107.2,,
ASSIGNMENT,A018_6,,,,,,,T018_R4,RM013,,,,,,77,,,,,,,,,,,,,,,0.77,16,3336.93,,
ASSIGNMENT,A018_7,,,,,,,T018_R5,RH031,,,,,,58,,,,,,,,,,,,,,,0.32,36,2793.35,,
ASSIGNMENT,A018_8,,,,,,,T018_R8,RH020,,,,,,8,,,,,,,,,,,,,,,0.29,27,529.38,,
ASSIGNMENT,A018_9,,,,,,,T018_M2,RC007,,,,,,11,,,,,,,,,,,,,,,0.4,13,937.08,,
ASSIGNMENT,A018_10,,,,,,,T018_R5,RH011,,,,,,22,,,,,,,,,,,,,,,0.61,19,3945.9,,
ASSIGNMENT,A018_11,,,,,,,T018_R8,RC008,,,,,,41,,,,,,,,,,,,,,,0.92,5,3245.15,,
ASSIGNMENT,A018_12,,,,,,,T018_R7,RH024,,,,,,56,,,,,,,,,,,,,,,0.53,23,1014.26,,
ASSIGNMENT,A018_13,,,,,,,T018_R1,RH034,,,,,,41,,,,,,,,,,,,,,,0.58,14,4201.69,,
ASSIGNMENT,A018_14,,,,,,,T018_M2,RH008,,,,,,20,,,,,,,,,,,,,,,0.36,5,3373.89,,
PROJECT,PR019,Supply Chain v19,Description of Supply Chain v19,,,,,,,2024-10-04,2025-07-02,IN_PROGRESS,,,,,,,,,,,,,,,,,,,,,,
CALENDAR,CAL019,,,PR019,,,,,,,,,,,,,,,,,,,,,,,,,,,,,MON;TUE;WED;THU;FRI,09:00-18:00
BASELINE,BL019_1,,,PR019,,,,,,,,,2024-10-14,,,,,,,,,,,,,,,,,,,,,
BASELINE,BL019_2,,,PR019,,,,,,,,,2024-12-03,,,,,,,,,,,,,,,,,,,,,
BASELINE,BL019_3,,,PR019,,,,,,,,,2024-11-04,,,,,,,,,,,,,,,,,,,,,
SUMMARY_TASK,T019_S1,Phase 1,,PR019,,,,,,,,IN_PROGRESS,,0,,,500,,,,,,,,,,,,,,,,,
SUMMARY_TASK,T019_S2,Phase 2,,PR019,,,,,,,,IN_PROGRESS,,0,,,500,,,,,,,,,,,,,,,,,
TASK,T019_R1,Integrate data export,,PR019,T019_S2,,,,,2024-10-11,,ON_HOLD,,19,233,0.48,100,false,,,,,,,,,,,,,,,,
TASK,T019_R2,Implement monitoring,,PR019,T019_S1,,,,,2024-10-10,,NOT_STARTED,,6,50,0.81,300,false,,,,,,,,,,,,,,,,
TASK,T019_R3,Deploy auth flow,,PR019,T019_S2,,,,,2024-10-12,,NOT_STARTED,,27,160,0.32,100,false,,,,,,,,,,,,,,,,
TASK,T019_R4,Architect caching layer,,PR019,T019_S2,,,,,2024-11-02,,ON_HOLD,,17,125,0.87,900,true,,,,,,,,,,,,,,,,
TASK,T019_R5,Migrate database schema,,PR019,,,,,,2024-10-22,,COMPLETED,,30,35,0.78,500,false,,,,,,,,,,,,,,,,
TASK,T019_R6,Configure data export,,PR019,,,,,,2024-10-19,,ON_HOLD,,19,163,0.04,500,true,,,,,,,,,,,,,,,,
TASK,T019_R7,Design CI/CD pipeline,,PR019,T019_S2,,,,,2024-10-14,,ON_HOLD,,29,233,0.69,100,false,,,,,,,,,,,,,,,,
TASK,T019_R8,Review reporting service,,PR019,T019_S1,,,,,2024-10-30,,IN_PROGRESS,,10,79,0.49,100,true,,,,,,,,,,,,,,,,
MILESTONE,T019_M1,Compliance Review Passed,,PR019,,,,,,,,,,0,,,500,true,,,,,,,,,,,,,,,,
MILESTONE,T019_M2,Phase 1 Closed,,PR019,,,,,,,,,,0,,,500,true,,,,,,,,,,,,,,,,
DEPENDENCY,D019_1,,,,,T019_R7,T019_R2,,,,,,,,,,,,SS,3,,,,,,,,,,,,,,
DEPENDENCY,D019_2,,,,,T019_R4,T019_R7,,,,,,,,,,,,SF,4,,,,,,,,,,,,,,
DEPENDENCY,D019_3,,,,,T019_R6,T019_R1,,,,,,,,,,,,SS,0,,,,,,,,,,,,,,
DEPENDENCY,D019_4,,,,,T019_R5,T019_M1,,,,,,,,,,,,SF,1,,,,,,,,,,,,,,
DEPENDENCY,D019_5,,,,,T019_M1,T019_R1,,,,,,,,,,,,SS,1,,,,,,,,,,,,,,
DEPENDENCY,D019_6,,,,,T019_R4,T019_R1,,,,,,,,,,,,SS,0,,,,,,,,,,,,,,
ASSIGNMENT,A019_1,,,,,,,T019_R1,RM007,,,,,,43,,,,,,,,,,,,,,,0.78,23,4135.18,,
ASSIGNMENT,A019_2,,,,,,,T019_M1,RM011,,,,,,23,,,,,,,,,,,,,,,0.73,43,249.76,,
ASSIGNMENT,A019_3,,,,,,,T019_R6,RC008,,,,,,30,,,,,,,,,,,,,,,0.7,55,2425.45,,
ASSIGNMENT,A019_4,,,,,,,T019_M1,RM005,,,,,,41,,,,,,,,,,,,,,,0.51,47,4171.26,,
ASSIGNMENT,A019_5,,,,,,,T019_R2,RH037,,,,,,14,,,,,,,,,,,,,,,0.27,10,4283.72,,
ASSIGNMENT,A019_6,,,,,,,T019_R4,RH029,,,,,,34,,,,,,,,,,,,,,,0.74,17,3292.78,,
ASSIGNMENT,A019_7,,,,,,,T019_M1,RH003,,,,,,9,,,,,,,,,,,,,,,0.9,30,4566.43,,
ASSIGNMENT,A019_8,,,,,,,T019_R3,RH002,,,,,,47,,,,,,,,,,,,,,,0.42,45,4838.42,,
ASSIGNMENT,A019_9,,,,,,,T019_R5,RM015,,,,,,52,,,,,,,,,,,,,,,0.92,29,1334.79,,
ASSIGNMENT,A019_10,,,,,,,T019_R8,RH039,,,,,,58,,,,,,,,,,,,,,,0.76,37,601.33,,
ASSIGNMENT,A019_11,,,,,,,T019_M1,RM008,,,,,,44,,,,,,,,,,,,,,,0.67,19,3453.62,,
PROJECT,PR020,Analytics Dashboard v20,Description of Analytics Dashboard v20,,,,,,,2024-09-03,2024-12-04,COMPLETED,,,,,,,,,,,,,,,,,,,,,,
CALENDAR,CAL020,,,PR020,,,,,,,,,,,,,,,,,,,,,,,,,,,,,MON;TUE;WED;THU;FRI,09:00-18:00
BASELINE,BL020_1,,,PR020,,,,,,,,,2024-09-30,,,,,,,,,,,,,,,,,,,,,
BASELINE,BL020_2,,,PR020,,,,,,,,,2024-09-27,,,,,,,,,,,,,,,,,,,,,
BASELINE,BL020_3,,,PR020,,,,,,,,,2024-09-26,,,,,,,,,,,,,,,,,,,,,
SUMMARY_TASK,T020_S1,Phase 1,,PR020,,,,,,,,IN_PROGRESS,,0,,,500,,,,,,,,,,,,,,,,,
SUMMARY_TASK,T020_S2,Phase 2,,PR020,,,,,,,,IN_PROGRESS,,0,,,500,,,,,,,,,,,,,,,,,
TASK,T020_R1,Deploy auth flow,,PR020,T020_S2,,,,,2024-09-10,,ON_HOLD,,17,203,0.9,900,false,,,,,,,,,,,,,,,,
TASK,T020_R2,Configure data export,,PR020,T020_S1,,,,,2024-10-02,,NOT_STARTED,,10,74,0.42,700,false,,,,,,,,,,,,,,,,
TASK,T020_R3,Review search index,,PR020,T020_S1,,,,,2024-09-23,,COMPLETED,,22,144,0.78,500,false,,,,,,,,,,,,,,,,
TASK,T020_R4,Document database schema,,PR020,T020_S1,,,,,2024-09-26,,IN_PROGRESS,,16,40,0.26,900,false,,,,,,,,,,,,,,,,
TASK,T020_R5,Deploy analytics pipeline,,PR020,T020_S1,,,,,2024-09-30,,COMPLETED,,8,198,0.31,500,true,,,,,,,,,,,,,,,,
TASK,T020_R6,Architect database schema,,PR020,,,,,,2024-09-30,,NOT_STARTED,,16,21,0.63,900,false,,,,,,,,,,,,,,,,
TASK,T020_R7,Implement CI/CD pipeline,,PR020,,,,,,2024-09-16,,IN_PROGRESS,,17,84,0.05,300,false,,,,,,,,,,,,,,,,
TASK,T020_R8,Test notification system,,PR020,T020_S2,,,,,2024-09-08,,COMPLETED,,28,191,0.78,700,false,,,,,,,,,,,,,,,,
MILESTONE,T020_M1,MVP Ready,,PR020,,,,,,,,,,0,,,500,true,,,,,,,,,,,,,,,,
MILESTONE,T020_M2,Phase 1 Closed,,PR020,,,,,,,,,,0,,,500,true,,,,,,,,,,,,,,,,
DEPENDENCY,D020_1,,,,,T020_R1,T020_R8,,,,,,,,,,,,FF,1,,,,,,,,,,,,,,
DEPENDENCY,D020_2,,,,,T020_R3,T020_M2,,,,,,,,,,,,SF,0,,,,,,,,,,,,,,
DEPENDENCY,D020_3,,,,,T020_R3,T020_R7,,,,,,,,,,,,SF,3,,,,,,,,,,,,,,
DEPENDENCY,D020_4,,,,,T020_R7,T020_R8,,,,,,,,,,,,SF,0,,,,,,,,,,,,,,
ASSIGNMENT,A020_1,,,,,,,T020_M1,RH026,,,,,,9,,,,,,,,,,,,,,,0.8,57,1678.84,,
ASSIGNMENT,A020_2,,,,,,,T020_M1,RH025,,,,,,8,,,,,,,,,,,,,,,0.26,40,3694.66,,
ASSIGNMENT,A020_3,,,,,,,T020_R4,RM005,,,,,,21,,,,,,,,,,,,,,,0.48,24,2566.35,,
ASSIGNMENT,A020_4,,,,,,,T020_R5,RH022,,,,,,13,,,,,,,,,,,,,,,0.3,19,4747.47,,
ASSIGNMENT,A020_5,,,,,,,T020_R8,RM004,,,,,,25,,,,,,,,,,,,,,,0.58,21,4981.08,,
ASSIGNMENT,A020_6,,,,,,,T020_R8,RM006,,,,,,29,,,,,,,,,,,,,,,0.81,60,4543.78,,
ASSIGNMENT,A020_7,,,,,,,T020_R7,RH003,,,,,,24,,,,,,,,,,,,,,,0.42,13,3696.98,,
ASSIGNMENT,A020_8,,,,,,,T020_M2,RC010,,,,,,54,,,,,,,,,,,,,,,0.38,45,3287.65,,
PROJECT,PR021,Knowledge Base v21,Description of Knowledge Base v21,,,,,,,2024-01-20,2024-09-28,COMPLETED,,,,,,,,,,,,,,,,,,,,,,
CALENDAR,CAL021,,,PR021,,,,,,,,,,,,,,,,,,,,,,,,,,,,,MON;TUE;WED;THU;FRI,09:00-18:00
BASELINE,BL021_1,,,PR021,,,,,,,,,2024-03-06,,,,,,,,,,,,,,,,,,,,,
BASELINE,BL021_2,,,PR021,,,,,,,,,2024-01-30,,,,,,,,,,,,,,,,,,,,,
BASELINE,BL021_3,,,PR021,,,,,,,,,2024-03-05,,,,,,,,,,,,,,,,,,,,,
SUMMARY_TASK,T021_S1,Phase 1,,PR021,,,,,,,,IN_PROGRESS,,0,,,500,,,,,,,,,,,,,,,,,
SUMMARY_TASK,T021_S2,Phase 2,,PR021,,,,,,,,IN_PROGRESS,,0,,,500,,,,,,,,,,,,,,,,,
TASK,T021_R1,Configure API,,PR021,T021_S1,,,,,2024-01-23,,NOT_STARTED,,2,184,0.42,700,false,,,,,,,,,,,,,,,,
TASK,T021_R2,Deploy API,,PR021,T021_S1,,,,,2024-02-10,,COMPLETED,,10,115,0.1,900,false,,,,,,,,,,,,,,,,
TASK,T021_R3,Architect database schema,,PR021,T021_S2,,,,,2024-02-08,,NOT_STARTED,,17,192,0.12,100,false,,,,,,,,,,,,,,,,
TASK,T021_R4,Architect user management,,PR021,T021_S2,,,,,2024-02-02,,ON_HOLD,,12,188,0.3,100,false,,,,,,,,,,,,,,,,
TASK,T021_R5,Review search index,,PR021,T021_S2,,,,,2024-02-10,,ON_HOLD,,1,11,0.09,100,true,,,,,,,,,,,,,,,,
TASK,T021_R6,Integrate backend,,PR021,,,,,,2024-01-23,,ON_HOLD,,24,193,0.9,300,false,,,,,,,,,,,,,,,,
TASK,T021_R7,Optimize frontend,,PR021,,,,,,2024-01-25,,COMPLETED,,4,216,0.87,500,false,,,,,,,,,,,,,,,,
TASK,T021_R8,Implement frontend,,PR021,T021_S1,,,,,2024-01-24,,COMPLETED,,1,226,0.66,300,false,,,,,,,,,,,,,,,,
MILESTONE,T021_M1,Compliance Review Passed,,PR021,,,,,,,,,,0,,,500,true,,,,,,,,,,,,,,,,
MILESTONE,T021_M2,GA Launch,,PR021,,,,,,,,,,0,,,500,true,,,,,,,,,,,,,,,,
DEPENDENCY,D021_1,,,,,T021_R6,T021_M2,,,,,,,,,,,,SS,0,,,,,,,,,,,,,,
DEPENDENCY,D021_2,,,,,T021_R7,T021_M2,,,,,,,,,,,,SF,2,,,,,,,,,,,,,,
DEPENDENCY,D021_3,,,,,T021_R7,T021_R8,,,,,,,,,,,,SF,5,,,,,,,,,,,,,,
DEPENDENCY,D021_4,,,,,T021_R3,T021_R2,,,,,,,,,,,,SS,5,,,,,,,,,,,,,,
ASSIGNMENT,A021_1,,,,,,,T021_R1,RH021,,,,,,69,,,,,,,,,,,,,,,0.33,51,2887.82,,
ASSIGNMENT,A021_2,,,,,,,T021_R8,RH024,,,,,,53,,,,,,,,,,,,,,,0.71,39,241.2,,
ASSIGNMENT,A021_3,,,,,,,T021_R3,RC007,,,,,,22,,,,,,,,,,,,,,,0.94,56,2115.29,,
ASSIGNMENT,A021_4,,,,,,,T021_R1,RH009,,,,,,48,,,,,,,,,,,,,,,0.45,0,3552.38,,
ASSIGNMENT,A021_5,,,,,,,T021_M1,RH029,,,,,,51,,,,,,,,,,,,,,,0.98,33,2663.21,,
ASSIGNMENT,A021_6,,,,,,,T021_M2,RH013,,,,,,39,,,,,,,,,,,,,,,0.57,30,1794.17,,
ASSIGNMENT,A021_7,,,,,,,T021_R7,RH020,,,,,,79,,,,,,,,,,,,,,,0.88,57,4940.18,,
ASSIGNMENT,A021_8,,,,,,,T021_R1,RH002,,,,,,28,,,,,,,,,,,,,,,0.73,32,4259.34,,
ASSIGNMENT,A021_9,,,,,,,T021_R8,RH022,,,,,,70,,,,,,,,,,,,,,,0.31,20,1280.37,,
ASSIGNMENT,A021_10,,,,,,,T021_R5,RH007,,,,,,78,,,,,,,,,,,,,,,0.63,41,1955.32,,
ASSIGNMENT,A021_11,,,,,,,T021_R4,RH011,,,,,,65,,,,,,,,,,,,,,,0.59,5,4297.29,,
ASSIGNMENT,A021_12,,,,,,,T021_R8,RM001,,,,,,71,,,,,,,,,,,,,,,0.34,47,3301.53,,
ASSIGNMENT,A021_13,,,,,,,T021_R2,RM012,,,,,,79,,,,,,,,,,,,,,,0.56,35,100.83,,
PROJECT,PR022,Quality Audit v22,Description of Quality Audit v22,,,,,,,2024-02-16,2025-02-19,COMPLETED,,,,,,,,,,,,,,,,,,,,,,
CALENDAR,CAL022,,,PR022,,,,,,,,,,,,,,,,,,,,,,,,,,,,,MON;TUE;WED;THU;FRI,09:00-18:00
BASELINE,BL022_1,,,PR022,,,,,,,,,2024-03-29,,,,,,,,,,,,,,,,,,,,,
BASELINE,BL022_2,,,PR022,,,,,,,,,2024-03-07,,,,,,,,,,,,,,,,,,,,,
BASELINE,BL022_3,,,PR022,,,,,,,,,2024-04-04,,,,,,,,,,,,,,,,,,,,,
SUMMARY_TASK,T022_S1,Phase 1,,PR022,,,,,,,,IN_PROGRESS,,0,,,500,,,,,,,,,,,,,,,,,
SUMMARY_TASK,T022_S2,Phase 2,,PR022,,,,,,,,IN_PROGRESS,,0,,,500,,,,,,,,,,,,,,,,,
TASK,T022_R1,Review frontend,,PR022,T022_S2,,,,,2024-03-14,,ON_HOLD,,27,65,0.45,900,false,,,,,,,,,,,,,,,,
TASK,T022_R2,Implement database schema,,PR022,T022_S2,,,,,2024-02-23,,COMPLETED,,25,176,0.0,500,false,,,,,,,,,,,,,,,,
TASK,T022_R3,Design payment module,,PR022,T022_S1,,,,,2024-03-13,,NOT_STARTED,,16,43,0.72,700,true,,,,,,,,,,,,,,,,
TASK,T022_R4,Implement CI/CD pipeline,,PR022,,,,,,2024-03-13,,NOT_STARTED,,7,125,0.78,500,false,,,,,,,,,,,,,,,,
TASK,T022_R5,Configure database schema,,PR022,,,,,,2024-03-01,,IN_PROGRESS,,25,236,0.46,900,false,,,,,,,,,,,,,,,,
TASK,T022_R6,Validate frontend,,PR022,,,,,,2024-03-13,,IN_PROGRESS,,18,118,0.59,900,false,,,,,,,,,,,,,,,,
TASK,T022_R7,Architect auth flow,,PR022,,,,,,2024-03-08,,ON_HOLD,,4,107,0.6,500,false,,,,,,,,,,,,,,,,
TASK,T022_R8,Document CI/CD pipeline,,PR022,T022_S1,,,,,2024-03-01,,ON_HOLD,,11,83,0.8,300,false,,,,,,,,,,,,,,,,
MILESTONE,T022_M1,GA Launch,,PR022,,,,,,,,,,0,,,500,true,,,,,,,,,,,,,,,,
MILESTONE,T022_M2,Phase 1 Closed,,PR022,,,,,,,,,,0,,,500,true,,,,,,,,,,,,,,,,
DEPENDENCY,D022_1,,,,,T022_R4,T022_M2,,,,,,,,,,,,SS,4,,,,,,,,,,,,,,
DEPENDENCY,D022_2,,,,,T022_R5,T022_R6,,,,,,,,,,,,SS,5,,,,,,,,,,,,,,
DEPENDENCY,D022_3,,,,,T022_R3,T022_M1,,,,,,,,,,,,FF,5,,,,,,,,,,,,,,
DEPENDENCY,D022_4,,,,,T022_R2,T022_R6,,,,,,,,,,,,SF,4,,,,,,,,,,,,,,
DEPENDENCY,D022_5,,,,,T022_M2,T022_R7,,,,,,,,,,,,FF,3,,,,,,,,,,,,,,
DEPENDENCY,D022_6,,,,,T022_R1,T022_M1,,,,,,,,,,,,FS,0,,,,,,,,,,,,,,
DEPENDENCY,D022_7,,,,,T022_R7,T022_R3,,,,,,,,,,,,FS,5,,,,,,,,,,,,,,
DEPENDENCY,D022_8,,,,,T022_R1,T022_R4,,,,,,,,,,,,FF,1,,,,,,,,,,,,,,
ASSIGNMENT,A022_1,,,,,,,T022_R5,RH019,,,,,,45,,,,,,,,,,,,,,,0.88,13,3792.61,,
ASSIGNMENT,A022_2,,,,,,,T022_R1,RM006,,,,,,21,,,,,,,,,,,,,,,0.86,39,4353.37,,
ASSIGNMENT,A022_3,,,,,,,T022_M1,RH029,,,,,,79,,,,,,,,,,,,,,,0.81,24,1264.22,,
ASSIGNMENT,A022_4,,,,,,,T022_R5,RH007,,,,,,57,,,,,,,,,,,,,,,0.94,26,4787.84,,
ASSIGNMENT,A022_5,,,,,,,T022_R6,RH007,,,,,,40,,,,,,,,,,,,,,,0.26,12,3140.75,,
ASSIGNMENT,A022_6,,,,,,,T022_R8,RH029,,,,,,55,,,,,,,,,,,,,,,0.93,48,2983.09,,
ASSIGNMENT,A022_7,,,,,,,T022_M2,RH026,,,,,,32,,,,,,,,,,,,,,,0.83,18,2299.19,,
ASSIGNMENT,A022_8,,,,,,,T022_R2,RH024,,,,,,73,,,,,,,,,,,,,,,0.97,7,1948.27,,
ASSIGNMENT,A022_9,,,,,,,T022_R7,RH036,,,,,,24,,,,,,,,,,,,,,,0.67,10,2961.53,,
ASSIGNMENT,A022_10,,,,,,,T022_R5,RH001,,,,,,27,,,,,,,,,,,,,,,0.5,2,853.15,,
PROJECT,PR023,Mobile Banking App v23,Description of Mobile Banking App v23,,,,,,,2024-06-14,2025-06-14,COMPLETED,,,,,,,,,,,,,,,,,,,,,,
CALENDAR,CAL023,,,PR023,,,,,,,,,,,,,,,,,,,,,,,,,,,,,MON;TUE;WED;THU;FRI,09:00-18:00
BASELINE,BL023_1,,,PR023,,,,,,,,,2024-08-10,,,,,,,,,,,,,,,,,,,,,
BASELINE,BL023_2,,,PR023,,,,,,,,,2024-07-27,,,,,,,,,,,,,,,,,,,,,
SUMMARY_TASK,T023_S1,Phase 1,,PR023,,,,,,,,IN_PROGRESS,,0,,,500,,,,,,,,,,,,,,,,,
SUMMARY_TASK,T023_S2,Phase 2,,PR023,,,,,,,,IN_PROGRESS,,0,,,500,,,,,,,,,,,,,,,,,
TASK,T023_R1,Audit notification system,,PR023,T023_S1,,,,,2024-07-14,,IN_PROGRESS,,17,64,0.18,100,false,,,,,,,,,,,,,,,,
TASK,T023_R2,Review search index,,PR023,T023_S1,,,,,2024-07-05,,COMPLETED,,29,62,0.33,500,true,,,,,,,,,,,,,,,,
TASK,T023_R3,Integrate API,,PR023,T023_S2,,,,,2024-06-25,,IN_PROGRESS,,4,179,0.45,900,false,,,,,,,,,,,,,,,,
TASK,T023_R4,Refactor database schema,,PR023,T023_S2,,,,,2024-07-01,,COMPLETED,,13,73,0.72,100,false,,,,,,,,,,,,,,,,
TASK,T023_R5,Design reporting service,,PR023,T023_S2,,,,,2024-06-20,,NOT_STARTED,,29,174,0.32,100,true,,,,,,,,,,,,,,,,
TASK,T023_R6,Configure backend,,PR023,T023_S1,,,,,2024-07-04,,NOT_STARTED,,7,179,0.77,700,true,,,,,,,,,,,,,,,,
TASK,T023_R7,Configure backend,,PR023,T023_S2,,,,,2024-06-18,,NOT_STARTED,,24,183,0.02,500,true,,,,,,,,,,,,,,,,
TASK,T023_R8,Audit caching layer,,PR023,,,,,,2024-07-02,,ON_HOLD,,18,26,0.82,500,false,,,,,,,,,,,,,,,,
MILESTONE,T023_M1,Stakeholder Sign-off,,PR023,,,,,,,,,,0,,,500,true,,,,,,,,,,,,,,,,
MILESTONE,T023_M2,Stakeholder Sign-off,,PR023,,,,,,,,,,0,,,500,true,,,,,,,,,,,,,,,,
DEPENDENCY,D023_1,,,,,T023_R1,T023_R7,,,,,,,,,,,,FS,4,,,,,,,,,,,,,,
DEPENDENCY,D023_2,,,,,T023_R1,T023_R2,,,,,,,,,,,,FS,5,,,,,,,,,,,,,,
DEPENDENCY,D023_3,,,,,T023_R2,T023_R6,,,,,,,,,,,,FS,2,,,,,,,,,,,,,,
DEPENDENCY,D023_4,,,,,T023_R5,T023_R2,,,,,,,,,,,,FF,3,,,,,,,,,,,,,,
DEPENDENCY,D023_5,,,,,T023_R7,T023_M2,,,,,,,,,,,,FS,3,,,,,,,,,,,,,,
DEPENDENCY,D023_6,,,,,T023_R3,T023_M1,,,,,,,,,,,,SS,1,,,,,,,,,,,,,,
ASSIGNMENT,A023_1,,,,,,,T023_R7,RH038,,,,,,26,,,,,,,,,,,,,,,0.97,19,3418.72,,
ASSIGNMENT,A023_2,,,,,,,T023_R6,RH002,,,,,,79,,,,,,,,,,,,,,,0.67,9,703.85,,
ASSIGNMENT,A023_3,,,,,,,T023_R1,RM011,,,,,,18,,,,,,,,,,,,,,,0.65,19,1129.26,,
ASSIGNMENT,A023_4,,,,,,,T023_R6,RH028,,,,,,73,,,,,,,,,,,,,,,0.56,9,888.68,,
ASSIGNMENT,A023_5,,,,,,,T023_R4,RH033,,,,,,31,,,,,,,,,,,,,,,0.4,42,4018.33,,
ASSIGNMENT,A023_6,,,,,,,T023_R1,RC005,,,,,,17,,,,,,,,,,,,,,,0.73,18,3391.26,,
ASSIGNMENT,A023_7,,,,,,,T023_R5,RH013,,,,,,70,,,,,,,,,,,,,,,0.4,60,1721.17,,
ASSIGNMENT,A023_8,,,,,,,T023_R3,RH031,,,,,,16,,,,,,,,,,,,,,,0.33,57,1048.14,,
ASSIGNMENT,A023_9,,,,,,,T023_R8,RC003,,,,,,47,,,,,,,,,,,,,,,0.5,44,2962.43,,
ASSIGNMENT,A023_10,,,,,,,T023_M2,RM007,,,,,,62,,,,,,,,,,,,,,,0.86,10,123.68,,
ASSIGNMENT,A023_11,,,,,,,T023_R4,RH029,,,,,,63,,,,,,,,,,,,,,,0.78,17,4216.54,,
ASSIGNMENT,A023_12,,,,,,,T023_R3,RM003,,,,,,67,,,,,,,,,,,,,,,0.91,28,1857.83,,
ASSIGNMENT,A023_13,,,,,,,T023_R5,RC008,,,,,,30,,,,,,,,,,,,,,,0.66,41,3072.48,,
PROJECT,PR024,Knowledge Base v24,Description of Knowledge Base v24,,,,,,,2024-05-23,2024-10-01,IN_PROGRESS,,,,,,,,,,,,,,,,,,,,,,
CALENDAR,CAL024,,,PR024,,,,,,,,,,,,,,,,,,,,,,,,,,,,,MON;TUE;WED;THU;FRI,09:00-18:00
BASELINE,BL024_1,,,PR024,,,,,,,,,2024-07-15,,,,,,,,,,,,,,,,,,,,,
BASELINE,BL024_2,,,PR024,,,,,,,,,2024-07-09,,,,,,,,,,,,,,,,,,,,,
SUMMARY_TASK,T024_S1,Phase 1,,PR024,,,,,,,,IN_PROGRESS,,0,,,500,,,,,,,,,,,,,,,,,
SUMMARY_TASK,T024_S2,Phase 2,,PR024,,,,,,,,IN_PROGRESS,,0,,,500,,,,,,,,,,,,,,,,,
TASK,T024_R1,Implement API,,PR024,,,,,,2024-06-12,,ON_HOLD,,28,137,0.03,900,false,,,,,,,,,,,,,,,,
TASK,T024_R2,Design caching layer,,PR024,,,,,,2024-06-09,,COMPLETED,,18,236,0.47,300,false,,,,,,,,,,,,,,,,
TASK,T024_R3,Test monitoring,,PR024,T024_S2,,,,,2024-05-25,,NOT_STARTED,,17,138,0.4,900,false,,,,,,,,,,,,,,,,
TASK,T024_R4,Audit auth flow,,PR024,T024_S1,,,,,2024-05-28,,IN_PROGRESS,,15,48,0.57,900,false,,,,,,,,,,,,,,,,
TASK,T024_R5,Design search index,,PR024,T024_S2,,,,,2024-05-30,,IN_PROGRESS,,25,132,0.06,500,true,,,,,,,,,,,,,,,,
TASK,T024_R6,Prototype analytics pipeline,,PR024,,,,,,2024-06-21,,NOT_STARTED,,13,128,0.45,100,false,,,,,,,,,,,,,,,,
TASK,T024_R7,Architect caching layer,,PR024,T024_S2,,,,,2024-06-10,,COMPLETED,,19,147,0.17,700,false,,,,,,,,,,,,,,,,
TASK,T024_R8,Integrate caching layer,,PR024,T024_S1,,,,,2024-05-30,,COMPLETED,,13,240,0.52,500,false,,,,,,,,,,,,,,,,
MILESTONE,T024_M1,Compliance Review Passed,,PR024,,,,,,,,,,0,,,500,true,,,,,,,,,,,,,,,,
MILESTONE,T024_M2,Kickoff Complete,,PR024,,,,,,,,,,0,,,500,true,,,,,,,,,,,,,,,,
DEPENDENCY,D024_1,,,,,T024_R3,T024_R8,,,,,,,,,,,,SS,1,,,,,,,,,,,,,,
DEPENDENCY,D024_2,,,,,T024_R2,T024_M1,,,,,,,,,,,,FF,1,,,,,,,,,,,,,,
DEPENDENCY,D024_3,,,,,T024_R3,T024_M2,,,,,,,,,,,,SS,2,,,,,,,,,,,,,,
DEPENDENCY,D024_4,,,,,T024_M2,T024_R2,,,,,,,,,,,,SS,3,,,,,,,,,,,,,,
DEPENDENCY,D024_5,,,,,T024_R6,T024_R2,,,,,,,,,,,,SF,5,,,,,,,,,,,,,,
DEPENDENCY,D024_6,,,,,T024_R8,T024_M2,,,,,,,,,,,,SS,4,,,,,,,,,,,,,,
DEPENDENCY,D024_7,,,,,T024_R3,T024_R7,,,,,,,,,,,,FS,1,,,,,,,,,,,,,,
DEPENDENCY,D024_8,,,,,T024_R1,T024_R3,,,,,,,,,,,,SS,1,,,,,,,,,,,,,,
ASSIGNMENT,A024_1,,,,,,,T024_M1,RH006,,,,,,26,,,,,,,,,,,,,,,0.92,3,915.07,,
ASSIGNMENT,A024_2,,,,,,,T024_R3,RM012,,,,,,80,,,,,,,,,,,,,,,0.7,40,191.24,,
ASSIGNMENT,A024_3,,,,,,,T024_R5,RH011,,,,,,68,,,,,,,,,,,,,,,0.41,55,2460.18,,
ASSIGNMENT,A024_4,,,,,,,T024_R4,RM013,,,,,,31,,,,,,,,,,,,,,,0.7,39,3332.28,,
ASSIGNMENT,A024_5,,,,,,,T024_R5,RH022,,,,,,51,,,,,,,,,,,,,,,0.79,59,2322.0,,
ASSIGNMENT,A024_6,,,,,,,T024_M2,RH009,,,,,,57,,,,,,,,,,,,,,,0.42,8,631.99,,
ASSIGNMENT,A024_7,,,,,,,T024_R4,RC010,,,,,,27,,,,,,,,,,,,,,,0.76,38,571.86,,
ASSIGNMENT,A024_8,,,,,,,T024_R8,RH005,,,,,,76,,,,,,,,,,,,,,,0.91,32,3786.68,,
ASSIGNMENT,A024_9,,,,,,,T024_R2,RC007,,,,,,77,,,,,,,,,,,,,,,0.74,52,105.88,,
ASSIGNMENT,A024_10,,,,,,,T024_R7,RM014,,,,,,13,,,,,,,,,,,,,,,0.53,44,2696.1,,
ASSIGNMENT,A024_11,,,,,,,T024_R4,RC007,,,,,,56,,,,,,,,,,,,,,,0.84,22,2986.34,,
ASSIGNMENT,A024_12,,,,,,,T024_M2,RH013,,,,,,40,,,,,,,,,,,,,,,0.57,30,3852.71,,
ASSIGNMENT,A024_13,,,,,,,T024_R2,RH037,,,,,,77,,,,,,,,,,,,,,,0.7,26,1363.24,,
PROJECT,PR025,Asset Tracker v25,Description of Asset Tracker v25,,,,,,,2024-01-03,2024-03-06,NOT_STARTED,,,,,,,,,,,,,,,,,,,,,,
CALENDAR,CAL025,,,PR025,,,,,,,,,,,,,,,,,,,,,,,,,,,,,MON;TUE;WED;THU;FRI,09:00-18:00
BASELINE,BL025_1,,,PR025,,,,,,,,,2024-01-10,,,,,,,,,,,,,,,,,,,,,
BASELINE,BL025_2,,,PR025,,,,,,,,,2024-02-03,,,,,,,,,,,,,,,,,,,,,
BASELINE,BL025_3,,,PR025,,,,,,,,,2024-02-20,,,,,,,,,,,,,,,,,,,,,
SUMMARY_TASK,T025_S1,Phase 1,,PR025,,,,,,,,IN_PROGRESS,,0,,,500,,,,,,,,,,,,,,,,,
SUMMARY_TASK,T025_S2,Phase 2,,PR025,,,,,,,,IN_PROGRESS,,0,,,500,,,,,,,,,,,,,,,,,
TASK,T025_R1,Audit notification system,,PR025,,,,,,2024-01-06,,COMPLETED,,14,100,0.15,900,true,,,,,,,,,,,,,,,,
TASK,T025_R2,Migrate caching layer,,PR025,T025_S2,,,,,2024-01-27,,ON_HOLD,,22,109,0.2,900,true,,,,,,,,,,,,,,,,
TASK,T025_R3,Document reporting service,,PR025,T025_S2,,,,,2024-01-27,,NOT_STARTED,,19,96,0.71,300,false,,,,,,,,,,,,,,,,
TASK,T025_R4,Implement user management,,PR025,T025_S1,,,,,2024-01-28,,NOT_STARTED,,17,110,0.34,900,true,,,,,,,,,,,,,,,,
TASK,T025_R5,Audit backend,,PR025,T025_S1,,,,,2024-01-18,,NOT_STARTED,,27,45,0.93,700,true,,,,,,,,,,,,,,,,
TASK,T025_R6,Implement frontend,,PR025,,,,,,2024-02-01,,COMPLETED,,24,106,0.98,900,false,,,,,,,,,,,,,,,,
TASK,T025_R7,Configure data export,,PR025,T025_S1,,,,,2024-01-09,,COMPLETED,,15,10,0.85,900,true,,,,,,,,,,,,,,,,
TASK,T025_R8,Migrate payment module,,PR025,T025_S1,,,,,2024-01-14,,IN_PROGRESS,,22,17,0.24,100,true,,,,,,,,,,,,,,,,
MILESTONE,T025_M1,GA Launch,,PR025,,,,,,,,,,0,,,500,true,,,,,,,,,,,,,,,,
MILESTONE,T025_M2,Stakeholder Sign-off,,PR025,,,,,,,,,,0,,,500,true,,,,,,,,,,,,,,,,
DEPENDENCY,D025_1,,,,,T025_R7,T025_M2,,,,,,,,,,,,SS,4,,,,,,,,,,,,,,
DEPENDENCY,D025_2,,,,,T025_R1,T025_R2,,,,,,,,,,,,FS,4,,,,,,,,,,,,,,
DEPENDENCY,D025_3,,,,,T025_R5,T025_M1,,,,,,,,,,,,FF,2,,,,,,,,,,,,,,
DEPENDENCY,D025_4,,,,,T025_R5,T025_R4,,,,,,,,,,,,SS,3,,,,,,,,,,,,,,
DEPENDENCY,D025_5,,,,,T025_R7,T025_R1,,,,,,,,,,,,FF,1,,,,,,,,,,,,,,
DEPENDENCY,D025_6,,,,,T025_R7,T025_M1,,,,,,,,,,,,FS,4,,,,,,,,,,,,,,
ASSIGNMENT,A025_1,,,,,,,T025_M1,RH038,,,,,,22,,,,,,,,,,,,,,,0.5,51,2615.1,,
ASSIGNMENT,A025_2,,,,,,,T025_R5,RH033,,,,,,56,,,,,,,,,,,,,,,0.77,36,2469.79,,
ASSIGNMENT,A025_3,,,,,,,T025_R4,RM004,,,,,,66,,,,,,,,,,,,,,,0.97,43,2357.53,,
ASSIGNMENT,A025_4,,,,,,,T025_M2,RH004,,,,,,41,,,,,,,,,,,,,,,0.61,4,1975.1,,
ASSIGNMENT,A025_5,,,,,,,T025_R4,RH030,,,,,,60,,,,,,,,,,,,,,,0.85,22,2630.87,,
ASSIGNMENT,A025_6,,,,,,,T025_R1,RH034,,,,,,19,,,,,,,,,,,,,,,0.44,25,3401.12,,
ASSIGNMENT,A025_7,,,,,,,T025_R6,RH010,,,,,,30,,,,,,,,,,,,,,,0.67,30,1637.98,,
ASSIGNMENT,A025_8,,,,,,,T025_R4,RH035,,,,,,32,,,,,,,,,,,,,,,0.39,31,3711.85,,
PROJECT,PR026,Document Management v26,Description of Document Management v26,,,,,,,2024-04-30,2024-10-30,COMPLETED,,,,,,,,,,,,,,,,,,,,,,
CALENDAR,CAL026,,,PR026,,,,,,,,,,,,,,,,,,,,,,,,,,,,,MON;TUE;WED;THU;FRI,09:00-18:00
BASELINE,BL026_1,,,PR026,,,,,,,,,2024-05-21,,,,,,,,,,,,,,,,,,,,,
SUMMARY_TASK,T026_S1,Phase 1,,PR026,,,,,,,,IN_PROGRESS,,0,,,500,,,,,,,,,,,,,,,,,
SUMMARY_TASK,T026_S2,Phase 2,,PR026,,,,,,,,IN_PROGRESS,,0,,,500,,,,,,,,,,,,,,,,,
TASK,T026_R1,Deploy analytics pipeline,,PR026,,,,,,2024-05-03,,ON_HOLD,,5,207,0.12,100,false,,,,,,,,,,,,,,,,
TASK,T026_R2,Architect data export,,PR026,T026_S1,,,,,2024-05-10,,COMPLETED,,12,166,0.49,900,false,,,,,,,,,,,,,,,,
TASK,T026_R3,Refactor search index,,PR026,T026_S2,,,,,2024-05-04,,ON_HOLD,,25,155,0.05,700,false,,,,,,,,,,,,,,,,
TASK,T026_R4,Review CI/CD pipeline,,PR026,,,,,,2024-05-24,,ON_HOLD,,28,183,0.17,100,false,,,,,,,,,,,,,,,,
TASK,T026_R5,Configure user management,,PR026,,,,,,2024-05-03,,COMPLETED,,13,156,0.33,900,true,,,,,,,,,,,,,,,,
TASK,T026_R6,Document data export,,PR026,,,,,,2024-05-11,,IN_PROGRESS,,20,95,0.18,700,false,,,,,,,,,,,,,,,,
TASK,T026_R7,Architect CI/CD pipeline,,PR026,T026_S2,,,,,2024-05-05,,IN_PROGRESS,,9,123,0.57,900,false,,,,,,,,,,,,,,,,
TASK,T026_R8,Integrate deployment scripts,,PR026,T026_S1,,,,,2024-05-06,,ON_HOLD,,28,105,0.15,300,false,,,,,,,,,,,,,,,,
MILESTONE,T026_M1,MVP Ready,,PR026,,,,,,,,,,0,,,500,true,,,,,,,,,,,,,,,,
MILESTONE,T026_M2,Stakeholder Sign-off,,PR026,,,,,,,,,,0,,,500,true,,,,,,,,,,,,,,,,
DEPENDENCY,D026_1,,,,,T026_R3,T026_M1,,,,,,,,,,,,FF,3,,,,,,,,,,,,,,
DEPENDENCY,D026_2,,,,,T026_R5,T026_M2,,,,,,,,,,,,FS,3,,,,,,,,,,,,,,
DEPENDENCY,D026_3,,,,,T026_R2,T026_R3,,,,,,,,,,,,FS,1,,,,,,,,,,,,,,
DEPENDENCY,D026_4,,,,,T026_R5,T026_R8,,,,,,,,,,,,FS,3,,,,,,,,,,,,,,
DEPENDENCY,D026_5,,,,,T026_R6,T026_R5,,,,,,,,,,,,FF,2,,,,,,,,,,,,,,
DEPENDENCY,D026_6,,,,,T026_M1,T026_M2,,,,,,,,,,,,FF,2,,,,,,,,,,,,,,
DEPENDENCY,D026_7,,,,,T026_R1,T026_R7,,,,,,,,,,,,FS,2,,,,,,,,,,,,,,
ASSIGNMENT,A026_1,,,,,,,T026_M2,RH026,,,,,,76,,,,,,,,,,,,,,,0.68,11,4898.93,,
ASSIGNMENT,A026_2,,,,,,,T026_R5,RM006,,,,,,73,,,,,,,,,,,,,,,0.49,31,3896.25,,
ASSIGNMENT,A026_3,,,,,,,T026_R8,RH011,,,,,,44,,,,,,,,,,,,,,,0.54,29,3195.39,,
ASSIGNMENT,A026_4,,,,,,,T026_R3,RH022,,,,,,51,,,,,,,,,,,,,,,0.73,26,3193.24,,
ASSIGNMENT,A026_5,,,,,,,T026_M2,RM012,,,,,,17,,,,,,,,,,,,,,,0.89,5,893.8,,
ASSIGNMENT,A026_6,,,,,,,T026_R4,RM001,,,,,,45,,,,,,,,,,,,,,,0.49,45,1410.61,,
ASSIGNMENT,A026_7,,,,,,,T026_R7,RH035,,,,,,54,,,,,,,,,,,,,,,0.92,47,2975.91,,
ASSIGNMENT,A026_8,,,,,,,T026_R8,RM013,,,,,,10,,,,,,,,,,,,,,,0.38,8,3666.08,,
ASSIGNMENT,A026_9,,,,,,,T026_R5,RH011,,,,,,58,,,,,,,,,,,,,,,0.41,6,568.21,,
ASSIGNMENT,A026_10,,,,,,,T026_R8,RH007,,,,,,58,,,,,,,,,,,,,,,0.27,33,3848.48,,
ASSIGNMENT,A026_11,,,,,,,T026_R2,RH014,,,,,,27,,,,,,,,,,,,,,,0.45,5,3308.68,,
ASSIGNMENT,A026_12,,,,,,,T026_R7,RH040,,,,,,44,,,,,,,,,,,,,,,0.42,28,3169.76,,
ASSIGNMENT,A026_13,,,,,,,T026_R3,RH022,,,,,,53,,,,,,,,,,,,,,,0.27,55,4584.83,,
ASSIGNMENT,A026_14,,,,,,,T026_R8,RC005,,,,,,77,,,,,,,,,,,,,,,0.98,59,1434.83,,
PROJECT,PR027,Fraud Detection v27,Description of Fraud Detection v27,,,,,,,2024-08-15,2024-12-22,IN_PROGRESS,,,,,,,,,,,,,,,,,,,,,,
CALENDAR,CAL027,,,PR027,,,,,,,,,,,,,,,,,,,,,,,,,,,,,MON;TUE;WED;THU;FRI,09:00-18:00
BASELINE,BL027_1,,,PR027,,,,,,,,,2024-09-29,,,,,,,,,,,,,,,,,,,,,
BASELINE,BL027_2,,,PR027,,,,,,,,,2024-09-20,,,,,,,,,,,,,,,,,,,,,
BASELINE,BL027_3,,,PR027,,,,,,,,,2024-10-01,,,,,,,,,,,,,,,,,,,,,
SUMMARY_TASK,T027_S1,Phase 1,,PR027,,,,,,,,IN_PROGRESS,,0,,,500,,,,,,,,,,,,,,,,,
SUMMARY_TASK,T027_S2,Phase 2,,PR027,,,,,,,,IN_PROGRESS,,0,,,500,,,,,,,,,,,,,,,,,
TASK,T027_R1,Integrate reporting service,,PR027,T027_S2,,,,,2024-08-30,,ON_HOLD,,30,96,0.54,100,false,,,,,,,,,,,,,,,,
TASK,T027_R2,Document API,,PR027,T027_S1,,,,,2024-09-10,,COMPLETED,,1,141,0.76,300,true,,,,,,,,,,,,,,,,
TASK,T027_R3,Audit data export,,PR027,T027_S2,,,,,2024-09-08,,IN_PROGRESS,,10,10,0.43,500,false,,,,,,,,,,,,,,,,
TASK,T027_R4,Refactor deployment scripts,,PR027,T027_S1,,,,,2024-08-20,,ON_HOLD,,13,71,0.71,700,true,,,,,,,,,,,,,,,,
TASK,T027_R5,Configure search index,,PR027,,,,,,2024-09-09,,COMPLETED,,17,203,0.91,500,false,,,,,,,,,,,,,,,,
TASK,T027_R6,Refactor user management,,PR027,T027_S2,,,,,2024-08-20,,ON_HOLD,,28,25,0.14,100,false,,,,,,,,,,,,,,,,
TASK,T027_R7,Migrate data export,,PR027,,,,,,2024-08-15,,NOT_STARTED,,7,90,0.15,900,true,,,,,,,,,,,,,,,,
TASK,T027_R8,Document auth flow,,PR027,,,,,,2024-09-07,,IN_PROGRESS,,23,120,0.01,100,true,,,,,,,,,,,,,,,,
MILESTONE,T027_M1,Beta Released,,PR027,,,,,,,,,,0,,,500,true,,,,,,,,,,,,,,,,
MILESTONE,T027_M2,Phase 1 Closed,,PR027,,,,,,,,,,0,,,500,true,,,,,,,,,,,,,,,,
DEPENDENCY,D027_1,,,,,T027_R5,T027_R8,,,,,,,,,,,,FF,3,,,,,,,,,,,,,,
DEPENDENCY,D027_2,,,,,T027_R1,T027_R6,,,,,,,,,,,,FS,1,,,,,,,,,,,,,,
DEPENDENCY,D027_3,,,,,T027_R1,T027_R5,,,,,,,,,,,,SF,0,,,,,,,,,,,,,,
DEPENDENCY,D027_4,,,,,T027_M1,T027_R8,,,,,,,,,,,,SS,1,,,,,,,,,,,,,,
DEPENDENCY,D027_5,,,,,T027_R5,T027_R7,,,,,,,,,,,,FS,0,,,,,,,,,,,,,,
DEPENDENCY,D027_6,,,,,T027_R4,T027_R7,,,,,,,,,,,,SF,1,,,,,,,,,,,,,,
DEPENDENCY,D027_7,,,,,T027_R1,T027_R4,,,,,,,,,,,,SF,5,,,,,,,,,,,,,,
ASSIGNMENT,A027_1,,,,,,,T027_R2,RH027,,,,,,47,,,,,,,,,,,,,,,0.6,59,1683.01,,
ASSIGNMENT,A027_2,,,,,,,T027_R1,RH016,,,,,,46,,,,,,,,,,,,,,,0.44,12,1866.09,,
ASSIGNMENT,A027_3,,,,,,,T027_R1,RH028,,,,,,38,,,,,,,,,,,,,,,0.98,40,2227.39,,
ASSIGNMENT,A027_4,,,,,,,T027_R1,RH022,,,,,,23,,,,,,,,,,,,,,,0.85,25,3966.8,,
ASSIGNMENT,A027_5,,,,,,,T027_R1,RH006,,,,,,68,,,,,,,,,,,,,,,0.69,44,3021.44,,
ASSIGNMENT,A027_6,,,,,,,T027_R6,RH012,,,,,,71,,,,,,,,,,,,,,,0.44,5,3461.13,,
ASSIGNMENT,A027_7,,,,,,,T027_R6,RH008,,,,,,27,,,,,,,,,,,,,,,0.29,44,2728.13,,
ASSIGNMENT,A027_8,,,,,,,T027_R2,RH017,,,,,,48,,,,,,,,,,,,,,,0.62,35,3963.95,,
ASSIGNMENT,A027_9,,,,,,,T027_R6,RC002,,,,,,10,,,,,,,,,,,,,,,0.8,44,1951.07,,
ASSIGNMENT,A027_10,,,,,,,T027_R3,RH033,,,,,,70,,,,,,,,,,,,,,,0.92,45,2243.75,,
ASSIGNMENT,A027_11,,,,,,,T027_R5,RC008,,,,,,31,,,,,,,,,,,,,,,0.39,34,1803.56,,
ASSIGNMENT,A027_12,,,,,,,T027_R8,RH036,,,,,,78,,,,,,,,,,,,,,,0.9,10,437.5,,
ASSIGNMENT,A027_13,,,,,,,T027_R3,RC003,,,,,,41,,,,,,,,,,,,,,,0.47,34,1898.85,,
ASSIGNMENT,A027_14,,,,,,,T027_R1,RC010,,,,,,31,,,,,,,,,,,,,,,0.53,56,191.73,,
PROJECT,PR028,HR Onboarding v28,Description of HR Onboarding v28,,,,,,,2024-07-05,2025-07-17,COMPLETED,,,,,,,,,,,,,,,,,,,,,,
CALENDAR,CAL028,,,PR028,,,,,,,,,,,,,,,,,,,,,,,,,,,,,MON;TUE;WED;THU;FRI,09:00-18:00
BASELINE,BL028_1,,,PR028,,,,,,,,,2024-07-16,,,,,,,,,,,,,,,,,,,,,
BASELINE,BL028_2,,,PR028,,,,,,,,,2024-08-23,,,,,,,,,,,,,,,,,,,,,
BASELINE,BL028_3,,,PR028,,,,,,,,,2024-08-15,,,,,,,,,,,,,,,,,,,,,
SUMMARY_TASK,T028_S1,Phase 1,,PR028,,,,,,,,IN_PROGRESS,,0,,,500,,,,,,,,,,,,,,,,,
SUMMARY_TASK,T028_S2,Phase 2,,PR028,,,,,,,,IN_PROGRESS,,0,,,500,,,,,,,,,,,,,,,,,
TASK,T028_R1,Integrate data export,,PR028,T028_S1,,,,,2024-07-09,,ON_HOLD,,25,149,0.61,500,false,,,,,,,,,,,,,,,,
TASK,T028_R2,Integrate backend,,PR028,,,,,,2024-08-04,,IN_PROGRESS,,2,221,0.13,100,true,,,,,,,,,,,,,,,,
TASK,T028_R3,Design CI/CD pipeline,,PR028,,,,,,2024-07-21,,COMPLETED,,22,133,0.62,900,true,,,,,,,,,,,,,,,,
TASK,T028_R4,Validate backend,,PR028,,,,,,2024-07-25,,ON_HOLD,,1,61,0.49,100,false,,,,,,,,,,,,,,,,
TASK,T028_R5,Integrate deployment scripts,,PR028,,,,,,2024-07-30,,COMPLETED,,27,102,0.71,900,false,,,,,,,,,,,,,,,,
TASK,T028_R6,Implement user management,,PR028,T028_S2,,,,,2024-07-08,,ON_HOLD,,17,32,0.73,900,true,,,,,,,,,,,,,,,,
TASK,T028_R7,Migrate payment module,,PR028,T028_S1,,,,,2024-07-22,,COMPLETED,,18,199,0.42,100,false,,,,,,,,,,,,,,,,
TASK,T028_R8,Prototype database schema,,PR028,T028_S2,,,,,2024-07-10,,COMPLETED,,6,210,0.55,900,false,,,,,,,,,,,,,,,,
MILESTONE,T028_M1,Compliance Review Passed,,PR028,,,,,,,,,,0,,,500,true,,,,,,,,,,,,,,,,
MILESTONE,T028_M2,Phase 1 Closed,,PR028,,,,,,,,,,0,,,500,true,,,,,,,,,,,,,,,,
DEPENDENCY,D028_1,,,,,T028_M1,T028_R6,,,,,,,,,,,,FF,3,,,,,,,,,,,,,,
DEPENDENCY,D028_2,,,,,T028_R7,T028_R6,,,,,,,,,,,,SS,4,,,,,,,,,,,,,,
DEPENDENCY,D028_3,,,,,T028_M1,T028_R4,,,,,,,,,,,,SF,4,,,,,,,,,,,,,,
DEPENDENCY,D028_4,,,,,T028_R5,T028_R6,,,,,,,,,,,,SF,3,,,,,,,,,,,,,,
DEPENDENCY,D028_5,,,,,T028_R7,T028_R1,,,,,,,,,,,,FS,2,,,,,,,,,,,,,,
DEPENDENCY,D028_6,,,,,T028_M2,T028_R1,,,,,,,,,,,,SS,2,,,,,,,,,,,,,,
ASSIGNMENT,A028_1,,,,,,,T028_R5,RH029,,,,,,48,,,,,,,,,,,,,,,0.41,1,3880.46,,
ASSIGNMENT,A028_2,,,,,,,T028_R5,RH020,,,,,,66,,,,,,,,,,,,,,,0.32,22,864.92,,
ASSIGNMENT,A028_3,,,,,,,T028_R5,RM007,,,,,,39,,,,,,,,,,,,,,,0.92,14,1355.59,,
ASSIGNMENT,A028_4,,,,,,,T028_R5,RH012,,,,,,80,,,,,,,,,,,,,,,0.68,58,1165.44,,
ASSIGNMENT,A028_5,,,,,,,T028_R2,RM002,,,,,,30,,,,,,,,,,,,,,,0.84,31,4145.96,,
ASSIGNMENT,A028_6,,,,,,,T028_M2,RH013,,,,,,46,,,,,,,,,,,,,,,0.7,2,3680.87,,
ASSIGNMENT,A028_7,,,,,,,T028_M2,RM009,,,,,,15,,,,,,,,,,,,,,,0.31,58,3877.42,,
ASSIGNMENT,A028_8,,,,,,,T028_R6,RC001,,,,,,23,,,,,,,,,,,,,,,0.56,55,3874.91,,
PROJECT,PR029,Risk Engine v29,Description of Risk Engine v29,,,,,,,2024-11-30,2025-12-03,NOT_STARTED,,,,,,,,,,,,,,,,,,,,,,
CALENDAR,CAL029,,,PR029,,,,,,,,,,,,,,,,,,,,,,,,,,,,,MON;TUE;WED;THU;FRI,09:00-18:00
BASELINE,BL029_1,,,PR029,,,,,,,,,2025-01-25,,,,,,,,,,,,,,,,,,,,,
BASELINE,BL029_2,,,PR029,,,,,,,,,2025-01-16,,,,,,,,,,,,,,,,,,,,,
BASELINE,BL029_3,,,PR029,,,,,,,,,2024-12-31,,,,,,,,,,,,,,,,,,,,,
SUMMARY_TASK,T029_S1,Phase 1,,PR029,,,,,,,,IN_PROGRESS,,0,,,500,,,,,,,,,,,,,,,,,
SUMMARY_TASK,T029_S2,Phase 2,,PR029,,,,,,,,IN_PROGRESS,,0,,,500,,,,,,,,,,,,,,,,,
TASK,T029_R1,Integrate frontend,,PR029,,,,,,2024-12-18,,IN_PROGRESS,,11,146,0.15,900,true,,,,,,,,,,,,,,,,
TASK,T029_R2,Optimize backend,,PR029,T029_S2,,,,,2024-12-09,,IN_PROGRESS,,8,118,0.79,300,false,,,,,,,,,,,,,,,,
TASK,T029_R3,Integrate CI/CD pipeline,,PR029,T029_S1,,,,,2024-12-12,,IN_PROGRESS,,9,29,0.5,300,false,,,,,,,,,,,,,,,,
TASK,T029_R4,Refactor user management,,PR029,,,,,,2024-12-23,,NOT_STARTED,,18,165,0.52,300,true,,,,,,,,,,,,,,,,
TASK,T029_R5,Implement deployment scripts,,PR029,T029_S1,,,,,2024-12-11,,NOT_STARTED,,14,101,0.19,500,false,,,,,,,,,,,,,,,,
TASK,T029_R6,Review monitoring,,PR029,,,,,,2024-12-14,,IN_PROGRESS,,20,45,0.04,300,false,,,,,,,,,,,,,,,,
TASK,T029_R7,Validate backend,,PR029,,,,,,2024-12-01,,IN_PROGRESS,,4,197,0.24,900,false,,,,,,,,,,,,,,,,
TASK,T029_R8,Review database schema,,PR029,T029_S1,,,,,2024-12-15,,IN_PROGRESS,,10,123,0.02,300,true,,,,,,,,,,,,,,,,
MILESTONE,T029_M1,GA Launch,,PR029,,,,,,,,,,0,,,500,true,,,,,,,,,,,,,,,,
MILESTONE,T029_M2,Compliance Review Passed,,PR029,,,,,,,,,,0,,,500,true,,,,,,,,,,,,,,,,
DEPENDENCY,D029_1,,,,,T029_R3,T029_R1,,,,,,,,,,,,SF,4,,,,,,,,,,,,,,
DEPENDENCY,D029_2,,,,,T029_M1,T029_R1,,,,,,,,,,,,FF,1,,,,,,,,,,,,,,
DEPENDENCY,D029_3,,,,,T029_R1,T029_R5,,,,,,,,,,,,SS,5,,,,,,,,,,,,,,
DEPENDENCY,D029_4,,,,,T029_M2,T029_R5,,,,,,,,,,,,FS,3,,,,,,,,,,,,,,
DEPENDENCY,D029_5,,,,,T029_R1,T029_R2,,,,,,,,,,,,SF,5,,,,,,,,,,,,,,
DEPENDENCY,D029_6,,,,,T029_R5,T029_R6,,,,,,,,,,,,FS,0,,,,,,,,,,,,,,
DEPENDENCY,D029_7,,,,,T029_R5,T029_R7,,,,,,,,,,,,SS,3,,,,,,,,,,,,,,
DEPENDENCY,D029_8,,,,,T029_M1,T029_R2,,,,,,,,,,,,FF,3,,,,,,,,,,,,,,
ASSIGNMENT,A029_1,,,,,,,T029_M2,RH012,,,,,,72,,,,,,,,,,,,,,,0.39,29,2847.37,,
ASSIGNMENT,A029_2,,,,,,,T029_R1,RH006,,,,,,75,,,,,,,,,,,,,,,0.44,19,1734.49,,
ASSIGNMENT,A029_3,,,,,,,T029_R7,RH021,,,,,,53,,,,,,,,,,,,,,,0.26,22,3163.63,,
ASSIGNMENT,A029_4,,,,,,,T029_R4,RC010,,,,,,15,,,,,,,,,,,,,,,0.46,40,1362.63,,
ASSIGNMENT,A029_5,,,,,,,T029_R7,RH004,,,,,,43,,,,,,,,,,,,,,,0.96,14,843.37,,
ASSIGNMENT,A029_6,,,,,,,T029_R7,RH018,,,,,,56,,,,,,,,,,,,,,,0.32,33,4806.97,,
ASSIGNMENT,A029_7,,,,,,,T029_M2,RH030,,,,,,27,,,,,,,,,,,,,,,0.56,27,4855.63,,
ASSIGNMENT,A029_8,,,,,,,T029_M2,RM003,,,,,,24,,,,,,,,,,,,,,,0.59,13,3297.12,,
ASSIGNMENT,A029_9,,,,,,,T029_M2,RH026,,,,,,47,,,,,,,,,,,,,,,0.9,44,3555.17,,
ASSIGNMENT,A029_10,,,,,,,T029_M1,RH018,,,,,,26,,,,,,,,,,,,,,,0.57,41,4671.85,,
ASSIGNMENT,A029_11,,,,,,,T029_R3,RM001,,,,,,76,,,,,,,,,,,,,,,0.3,60,3625.26,,
ASSIGNMENT,A029_12,,,,,,,T029_R3,RM001,,,,,,26,,,,,,,,,,,,,,,0.88,46,244.47,,
ASSIGNMENT,A029_13,,,,,,,T029_R6,RM013,,,,,,46,,,,,,,,,,,,,,,0.97,28,3753.49,,
ASSIGNMENT,A029_14,,,,,,,T029_R5,RH020,,,,,,21,,,,,,,,,,,,,,,0.83,8,1005.26,,
PROJECT,PR030,Marketing Site Redesign v30,Description of Marketing Site Redesign v30,,,,,,,2024-11-09,2025-11-19,IN_PROGRESS,,,,,,,,,,,,,,,,,,,,,,
CALENDAR,CAL030,,,PR030,,,,,,,,,,,,,,,,,,,,,,,,,,,,,MON;TUE;WED;THU;FRI,09:00-18:00
BASELINE,BL030_1,,,PR030,,,,,,,,,2024-11-30,,,,,,,,,,,,,,,,,,,,,
BASELINE,BL030_2,,,PR030,,,,,,,,,2024-11-30,,,,,,,,,,,,,,,,,,,,,
BASELINE,BL030_3,,,PR030,,,,,,,,,2024-12-29,,,,,,,,,,,,,,,,,,,,,
SUMMARY_TASK,T030_S1,Phase 1,,PR030,,,,,,,,IN_PROGRESS,,0,,,500,,,,,,,,,,,,,,,,,
SUMMARY_TASK,T030_S2,Phase 2,,PR030,,,,,,,,IN_PROGRESS,,0,,,500,,,,,,,,,,,,,,,,,
TASK,T030_R1,Implement data export,,PR030,,,,,,2024-12-06,,IN_PROGRESS,,5,136,0.6,500,false,,,,,,,,,,,,,,,,
TASK,T030_R2,Test user management,,PR030,T030_S1,,,,,2024-11-22,,COMPLETED,,8,16,0.76,100,false,,,,,,,,,,,,,,,,
TASK,T030_R3,Configure user management,,PR030,,,,,,2024-11-11,,ON_HOLD,,25,60,0.18,700,false,,,,,,,,,,,,,,,,
TASK,T030_R4,Refactor CI/CD pipeline,,PR030,T030_S1,,,,,2024-11-28,,COMPLETED,,25,18,0.74,700,false,,,,,,,,,,,,,,,,
TASK,T030_R5,Integrate database schema,,PR030,T030_S1,,,,,2024-12-05,,ON_HOLD,,15,124,0.88,300,false,,,,,,,,,,,,,,,,
TASK,T030_R6,Refactor frontend,,PR030,,,,,,2024-11-23,,COMPLETED,,7,82,0.4,500,false,,,,,,,,,,,,,,,,
TASK,T030_R7,Validate auth flow,,PR030,T030_S1,,,,,2024-11-29,,NOT_STARTED,,15,220,0.45,900,true,,,,,,,,,,,,,,,,
TASK,T030_R8,Refactor deployment scripts,,PR030,T030_S1,,,,,2024-11-09,,IN_PROGRESS,,11,123,0.18,900,false,,,,,,,,,,,,,,,,
MILESTONE,T030_M1,Design Approved,,PR030,,,,,,,,,,0,,,500,true,,,,,,,,,,,,,,,,
MILESTONE,T030_M2,GA Launch,,PR030,,,,,,,,,,0,,,500,true,,,,,,,,,,,,,,,,
DEPENDENCY,D030_1,,,,,T030_R3,T030_R2,,,,,,,,,,,,FS,0,,,,,,,,,,,,,,
DEPENDENCY,D030_2,,,,,T030_R8,T030_R6,,,,,,,,,,,,FS,4,,,,,,,,,,,,,,
DEPENDENCY,D030_3,,,,,T030_R7,T030_M1,,,,,,,,,,,,SS,3,,,,,,,,,,,,,,
DEPENDENCY,D030_4,,,,,T030_M1,T030_R7,,,,,,,,,,,,FS,1,,,,,,,,,,,,,,
DEPENDENCY,D030_5,,,,,T030_R6,T030_R3,,,,,,,,,,,,SS,1,,,,,,,,,,,,,,
DEPENDENCY,D030_6,,,,,T030_R3,T030_R1,,,,,,,,,,,,SF,2,,,,,,,,,,,,,,
ASSIGNMENT,A030_1,,,,,,,T030_R8,RH037,,,,,,23,,,,,,,,,,,,,,,0.72,57,744.7,,
ASSIGNMENT,A030_2,,,,,,,T030_R4,RH001,,,,,,40,,,,,,,,,,,,,,,0.72,0,2347.35,,
ASSIGNMENT,A030_3,,,,,,,T030_R8,RH001,,,,,,71,,,,,,,,,,,,,,,0.71,15,1162.68,,
ASSIGNMENT,A030_4,,,,,,,T030_R8,RC004,,,,,,18,,,,,,,,,,,,,,,0.56,38,3040.5,,
ASSIGNMENT,A030_5,,,,,,,T030_R4,RH036,,,,,,79,,,,,,,,,,,,,,,0.71,52,4143.74,,
ASSIGNMENT,A030_6,,,,,,,T030_R1,RH024,,,,,,52,,,,,,,,,,,,,,,0.36,2,812.33,,
ASSIGNMENT,A030_7,,,,,,,T030_R1,RH039,,,,,,19,,,,,,,,,,,,,,,0.5,3,633.55,,
ASSIGNMENT,A030_8,,,,,,,T030_R3,RH021,,,,,,79,,,,,,,,,,,,,,,0.75,11,4834.84,,
ASSIGNMENT,A030_9,,,,,,,T030_M2,RM007,,,,,,19,,,,,,,,,,,,,,,0.95,49,1566.54,,
ASSIGNMENT,A030_10,,,,,,,T030_R6,RM009,,,,,,62,,,,,,,,,,,,,,,0.87,53,2797.31,,
